name,address,Latitude,Longitude,description,phone,notes,email,url,hours,tags,featuredTags,Local Business,In-House Delivery,Takeout,Curbside Pickup,Ready-To-Eat,Grocery,Vegan Option,Vegetarian Option,Gluten-Free Option,Alcohol,takeoutText,deliveryText,SkipTheDishes,DoorDash,UberEats,twitter,facebook,instagram,mailingList,contacts,Contact Status
193 Bench Kitchen,"193 King St E, Hamilton",43.2550373,-79.8633514,We are a sandwich bar and bakery that specializes in scratch cooking. Eat good and feel good.,289.389.7999,,info@193benchkitchen.ca,http://benchkitchen.ca/hamilton-193-bench-kitchen/,Mo-Sa 09:00-16:00 ,"Cafe, Bakery, Sandwiches",,TRUE,TRUE,FALSE,FALSE,TRUE,FALSE,FALSE,FALSE,FALSE,FALSE,,,https://www.skipthedishes.com/193-bench-kitchen,,,https://twitter.com/benchkitchen?lang=en,https://www.facebook.com/193benchkitchen/,https://www.instagram.com/193benchkitchen/,info@193benchkitchen.ca,,
Aberdeen Tavern,"432 Aberdeen Ave, Hamilton",43.2513554,-79.8934026,Innovative Canadian cuisine in a former bank building featuring wood accents & leather banquettes.,905.523.7707,Preoder for delivery.,theaberdeen@equalparts.ca,http://theaberdeen.ca,We-Sa 17:00-20:00,Chicken,,TRUE,TRUE,TRUE,FALSE,FALSE,FALSE,FALSE,FALSE,FALSE,TRUE,,,,,,https://twitter.com/AberdeenTavern,https://www.facebook.com/AberdeenTavern/,http://instagram.com/AberdeenTavern,theaberdeen@equalparts.ca,,
Amigos,"109 George St, Hamilton",43.258198,-79.8786615,Mexican and Tex-Mex restaurant and bar in the heart of downtown Hamilton,905.267.1532,,info@amigoshamilton.com,http://www.amigoshamilton.com,Mo-Su 16:00-22:00,Mexican,,TRUE,FALSE,TRUE,FALSE,FALSE,FALSE,FALSE,FALSE,FALSE,FALSE,,,,,https://www.ubereats.com/ca/hamilton/food-delivery/amigos-hamilton/JljyOr1gQ3u_kDXX0EHgqg,,https://www.facebook.com/amigoshamont,http://instagram.com/amigoshamont,info@amigoshamilton.com,,
Andiamo Italian Food Truck,"1632 Wilson St W, Hamilton",43.1915573,-80.039586,A wide assortment of modern eats infused with old traditional tastes.,289.880.0250,,,http://andiamoitalian.ca,"Tu 15:00-19:00,We-Fr 11:00-19:00","Italian, Pasta",,TRUE,TRUE,TRUE,TRUE,TRUE,FALSE,FALSE,FALSE,FALSE,FALSE,Reheat and eat options available with 1 days notice.,,,https://www.doordash.com/store/andiamo-italian-bar-grill-hamilton-922017/en-CA,,https://twitter.com/andiamoitalian,https://www.facebook.com/AndiamoItalian/,https://www.instagram.com/andiamoitalian/?hl=en,,,
Andybela Eateary,"21 Panabaker Dr, Hamilton",43.2001348,-79.996281,"Our tea house focuses on healthy food options, and offers a variety of cooked meals, snacks as well as a retail section focused on Romanian products.",905.648.0100,,info@andybela.com,http://www.andybela.com,Mo-Sa 10:00-16:00,Romanian,,TRUE,TRUE,TRUE,FALSE,FALSE,FALSE,FALSE,FALSE,FALSE,FALSE,,,,https://www.doordash.com/store/andybela-teas-and-gourmet-foods-hamilton-728983/en-US/,,,https://www.facebook.com/andybelaeateary,,info@andybela.com,,
Bar Sazerac,"278 James St N, Hamilton",43.2634296,-79.8659572,Bar Sazerac the best cocktail bar in #hamont.,905.536.7938,,jenn.k.ferreira@gmail.com,http://www.barsazerac.ca,,Cocktail Kits,,TRUE,TRUE,FALSE,TRUE,FALSE,FALSE,FALSE,FALSE,FALSE,FALSE,,,,,,https://twitter.com/bar_sazerac?lang=en,https://www.facebook.com/barsazerachamont/,https://www.instagram.com/barsazers/,,,
Bennett's Apples & Cider,"944 Garner Rd E, Ancaster",43.2082642,-79.9399163,"Minimum 24-48 hr wait time, accepting orders and payment over the phone.",905.648.6878,,,https://bennettsapples.com/,Mo-Fr 9:00-15:00,"Produce, Bakery",,TRUE,FALSE,FALSE,TRUE,FALSE,TRUE,FALSE,FALSE,FALSE,FALSE,,,,,,,https://www.facebook.com/bennettsapples/,,,,
Berkeley North,"31 King William St, Hamilton",43.257481,-79.8676805,A West Coast inspired restaurant located on King William St. in downtown Hamilton.,905.522.5858,,info@berkeleynorth.ca,https://www.berkeleynorth.ca/,Tu-Su 16:00-20:30,"Sandwiches, Salads, Pasta, Wings",,TRUE,FALSE,TRUE,FALSE,FALSE,FALSE,FALSE,FALSE,FALSE,TRUE,,,,https://www.doordash.com/store/berkeley-north-hamilton-212971/en-CA,https://www.ubereats.com/ca/hamilton/food-delivery/berkeley-north/J07IhvO-QcmuOjBM9wZtcA,https://twitter.com/berkeleynorth,https://www.facebook.com/berkeleynorth/,https://www.instagram.com/berkeleynorthkitchen/,info@berkeleynorth.ca,,
Bitten on Locke,"219 Locke St S, Hamilton",43.2542895,-79.8859649,We bake our cupcakes and Whoopie pies fresh everyday. Please email us or call for any orders or inquiries.,289.396.5321,,info@bittenonlocke.com,https://bittenonlocke.com/,Tu-Th 11:00-18:00; Fr-Sa 11:00-20:00; Su 11:00-16:00 ,"Sweets, Bakery",,TRUE,TRUE,FALSE,TRUE,TRUE,FALSE,FALSE,FALSE,FALSE,FALSE,Pick-up Saturday & Sunday 9am to 3pm Delivery Saturday & Sunday 9am to 4pm. Must be ordered and prepaid by 10am the day before pick up and delivery.,,https://www.skipthedishes.com/bitten,,,https://twitter.com/bitten_on_locke,https://www.facebook.com/BittenOnLockeHamilton/,https://www.instagram.com/bitten_on_locke/?hl=en,info@bittenonlocke.com,,
Blend Catering,"811 King St E, Hamilton",43.2515059,-79.8425619,"Providing gourmet, restaurant quality prepared meals. Order by Wednesday at 8pm for pickup on Friday between 11-12.",905.741.5033,,info@blendcateringco.com,https://www.facebook.com/blendcateringco,Mo-Su 09:00-17:00,"Chicken, Pasta, Beef, Salads",,TRUE,FALSE,FALSE,TRUE,TRUE,FALSE,TRUE,TRUE,FALSE,FALSE,Orders due Wednesday at 8pm for curbside pickup at 811 King E. on Friday between 11-12pm.,,,,,,https://www.facebook.com/blendcateringco,https://www.instagram.com/chefericaguidi/,info@blendcateringco.com,,2
Bon Temps Restaurant,"61 Young Street, Hamilton",43.2508046,-79.8687808,"French-infused Canadian dining inspired by the Order of Good Cheer. Good food, good drink, Bon Temps.",905.523.7177,,info@bontempshamilton.ca,http://bontempshamilton.ca,Tu-Su 14:00-22:00,"Sandwiches, Soup, Poutine, Pasta, Chicken",,TRUE,TRUE,TRUE,FALSE,FALSE,TRUE,FALSE,FALSE,FALSE,TRUE,,,,,,,https://www.facebook.com/bontempsrestaurant/,,info@bontempshamilton.ca,,
Bread Bar Locke St South,"258 Locke St S, Hamilton",43.2528688,-79.8869708,Bread Bar celebrates and cooks with the seasons. Made with the finest ingredients for people who want a better quality meal. Good Ingredients Matter.,905.522.2999,,locke@breadbar.ca,https://hamilton.breadbar.ca,Mo-Su 08:00-22:00,"Pizza, Salads, Sweets",,TRUE,FALSE,TRUE,FALSE,FALSE,FALSE,FALSE,TRUE,FALSE,FALSE,,,,https://www.doordash.com/store/earth-to-table-bread-bar-hamilton-923176/en-US,https://www.ubereats.com/ca/hamilton/food-delivery/earth-to-table%3A-bread-bar-locke-st/5siOmaBeQzyIkhIXqsKJNg,,https://www.facebook.com/BreadBarLocke/,https://www.instagram.com/breadbar_locke/,locke@breadbar.ca,,
Bronzies Place,"201 James Street South, Hamilton",43.2505327,-79.871538,Authentic Italian Food at Traditionally Low Prices.,905.529.3403,,bookings@bronzies.ca,http://bronzies.ca,Mo-Su 16:00-20:00,"Italian, Pizza",,TRUE,TRUE,TRUE,FALSE,FALSE,FALSE,FALSE,FALSE,FALSE,FALSE,,,,,,https://twitter.com/bronziesplace,https://www.facebook.com/Bronziesplace/,https://www.instagram.com/bronzies201/,bookings@bronzies.ca,,
Buddy's Subs,"1920 Barton St E, Hamilton",43.2432962,-79.7826088,Hamilton Subs and Grill.,905.544.6888,,,http://buddyssubsandgrill.com,"Mo-Fr 11:00-19:00,Sa 11:00-16:00","Subs, Greek",,TRUE,FALSE,TRUE,FALSE,FALSE,FALSE,FALSE,FALSE,FALSE,FALSE,,,,https://www.doordash.com/store/buddy-s-submarines-hamilton-213036/?utm_campaign=gpa,,,https://www.facebook.com/Buddys-Subs-271422016220987,,,,
Caribbean & Canadian Restaurant,"568 Concession St, Hamilton",43.2407508,-79.8516661,"Casual cash-only venue dishing out jerk chicken, oxtail stew, curries & other Caribbean specialties.",905.296.0083,,,https://www.facebook.com/pages/Caribbean-Canadian-Restaurant/122457277883699,Th-Sa 11:30-20:00,Caribbean,,TRUE,TRUE,TRUE,FALSE,FALSE,FALSE,FALSE,FALSE,FALSE,FALSE,,,,,,,https://www.facebook.com/pages/Caribbean-Canadian-Restaurant/122457277883699,,,,
Carluke Orchards,"2194 Shaver Road S, Ancaster",43.1431103,-79.9951888,Beautiful apple orchard and bakery.,905.648.2775,,,https://www.carlukeorchards.ca/,Tu-Su 10:00-17:00,Bakery,,TRUE,FALSE,FALSE,TRUE,FALSE,TRUE,FALSE,FALSE,FALSE,FALSE,,,,,,,https://www.facebook.com/CarlukeOrchards,http://instagram.com/carlukeorchards,,,
Charlie's Chopsticks Upper James,"970 Upper James St, Hamilton",43.223777,-79.8843701,"As a Team, we're all about providing a unique experience. Our creation team is made up of individuals from several Asian cultures, who all love food and experimenting.",905.388.9888,,,https://charlieschopsticks.com/local/hamilton,Mo-Su 14:00 - 02:00,"Chinese, Sushi, Bubble Tea",,TRUE,FALSE,TRUE,FALSE,FALSE,FALSE,FALSE,FALSE,FALSE,FALSE,,,https://www.skipthedishes.com/charlies-chopsticks-upper-james,https://www.doordash.com/store/charlie-s-chopsticks-hamilton-385981,,,https://www.facebook.com/charlieschopsticks/,,contact@charlieschopsticks.ca,,
Charlie's Chopsticks Westdale,"1035 King St W, Hamilton",43.2614712,-79.9065433,"As a Team, we're all about providing a unique experience. Our creation team is made up of individuals from several Asian cultures, who all love food and experimenting.",,,,https://charlieschopsticks.com/local/westdale,Mo-Su 14:00 - 02:00,"Chinese, Sushi, Bubble Tea",,TRUE,FALSE,TRUE,FALSE,FALSE,FALSE,FALSE,FALSE,FALSE,FALSE,,,https://www.skipthedishes.com/charlies-chopsticks-king-street-west,https://www.doordash.com/store/charlie-s-chopsticks-hamilton-386196,,,https://www.facebook.com/charlieschopsticks/,,contact@charlieschopsticks.ca,,
Charred,"244 James St N, Hamilton",43.2627693,-79.8662455,Independent family owned and operated rotisserie house on James St. North.,289.396.0662,,,http://www.charred.ca,"Mo-Sa 11:00-21:00,Su 12:00-20:00",Chicken,,TRUE,TRUE,TRUE,TRUE,FALSE,FALSE,FALSE,FALSE,FALSE,TRUE,,,https://www.skipthedishes.com/charred-rotisserie-house-james-street-north,,https://www.ubereats.com/ca/hamilton/food-delivery/charred-rotisserie-house/oZ__K6AtTLmCQ6BtBtSKDQ,https://twitter.com/charredchicken,https://www.facebook.com/charredhamilton/,https://instagram.com/charredchicken/,,,
Chef Martin’s Sushi House,"53 King St E, Stoney Creek",43.2165081,-79.7554308,Hamilton’s Newest Sushi Take Out!,905.662.0491,,,https://www.ubereats.com/ca/hamilton/food-delivery/chef-martin-sushi/WovBbI87R8G9bIRtI3kAjQ,Mo-Su 11:30-21:00,"Sushi, Japanese",,TRUE,FALSE,TRUE,FALSE,FALSE,FALSE,FALSE,TRUE,FALSE,FALSE,,,,https://www.doordash.com/store/chef-martin-hamilton-825558/,https://www.ubereats.com/ca/hamilton/food-delivery/chef-martin-sushi/WovBbI87R8G9bIRtI3kAjQ,,,https://www.instagram.com/chef_martin_sushi_house/,,,
Cherry Birch General,"219 King St E, Hamilton",43.2546607,-79.8625675,"We are a cafe and general store offering great coffee, tea and baked goods made on site. General store items are all from Canadian companies!",365.889.3831,,info@cherrybirchgeneral.ca,https://www.facebook.com/cherrybirchgeneral/,Tu-Sa 09:00-14:00,"Coffee, Bakery",,TRUE,TRUE,TRUE,TRUE,FALSE,FALSE,FALSE,FALSE,FALSE,FALSE,,,,,,,https://www.facebook.com/cherrybirchgeneral/,https://www.instagram.com/cherrybirchgeneral/,info@cherrybirchgeneral.ca,,
China Palace,"30 Rymal Rd E unit c, Hamilton",43.2016524,-79.8915437,Chinese food made fresh and brought straight to your door,905.385.5324,Does not accept debit for delivery.,,http://www.chinapalacerestaurant.ca/menu,"Su,PH 15:00-21:00,Mo-Tu 15:00-21:30,We-Th 11:30-21:30,Fr-Sa 11:30-22:00",Chinese,,TRUE,TRUE,TRUE,FALSE,FALSE,FALSE,FALSE,FALSE,FALSE,FALSE,,,,,,,,,,,
Crumbled,"339 Barton St E, Hamilton",43.2605547,-79.8510612,"Crumbled introduces a new way to enjoy cake! We've gone off tradition, broken a cake down and served it in a bowl. The menu offers seasonally crafted flavours alongside classic favourites. All with a modern twist!",905.528.9898,,info@crumbled.ca,https://www.crumbled.ca/daily-menu,Tu-Th 12:00-20:00; Fr-Sa 12:00-21:00; Su 12:00-20:00,"Sweets, Bakery",,TRUE,FALSE,TRUE,FALSE,FALSE,FALSE,TRUE,TRUE,FALSE,FALSE,,,https://www.skipthedishes.com/crumbled/order,https://www.doordash.com/store/crumbled-hamilton-hamilton-512366/en-CA,https://www.ubereats.com/ca/hamilton/food-delivery/crumbled/1Wgdt-7rSOiajAWqP-PXWQ,http://www.twitter.com/crumbledhamont,https://www.facebook.com/crumbledhamilton,https://instagram.com/crumbledhamilton,info@crumbled.ca,,
Curbside Grill,"224 Ottawa St.N., Hamilton",43.2487187,-79.8169581,"Breakfast, homemade burgers, crispy fresh fries, deep fried avocado, delicious crab cakes, homemade desserts & more!",905.393.0757,,randyscurbsideburgs@gmail.com,https://www.facebook.com/curbsidegrillottawastreet,"Tu-We 12:00-20:00,Th-Sa 12:00-21:00,Su 12:00-20:00","Burgers, Wings, Fish & Chips",,TRUE,FALSE,TRUE,FALSE,FALSE,FALSE,FALSE,FALSE,FALSE,TRUE,,,https://www.skipthedishes.com/curbside-grill-hamilton?utm_source=google&utm_medium=organic&utm_campaign=gpa,https://www.doordash.com/store/curbside-grill-hamilton-212857/en-US,https://www.ubereats.com/ca/hamilton/food-delivery/curbside-grill/AjJHoJxRSP-a4Tb37HEZpA,https://twitter.com/pickle_deli,https://www.facebook.com/curbsidegrillottawastreet/,https://www.instagram.com/curbsideburgers/,randyscurbsideburgs@gmail.com,,
Darband Kabab,"1242 upper James St, Hamilton",43.2147857,-79.888285,"Traditional delicacies, filled with the aroma of the finest ingredients mixed with moms customary cooking leaves you with a hint of Persia.  ",905.526.4858,,,https://www.facebook.com/darbandkabab,"Tu-Fr 12:00-21:00,Sa-Su 12:00-20:00","Persian, Kebab",,TRUE,FALSE,TRUE,FALSE,FALSE,FALSE,FALSE,FALSE,FALSE,FALSE,,,,https://www.doordash.com/store/darband-kabab-hamilton-277400/en-US,https://www.ubereats.com/ca/hamilton/food-delivery/darband-kabab/_JYJIPUVQZeoFNJaXh1RyQ,,https://www.facebook.com/darbandkabab/,,,,
Delirious Burger - Locke Street,"197 Locke St S, Hamilton",43.2549685,-79.8856605,Delirious Burger Co. is an independently owned pair of Burger Resturants in Hamilton.,289.389.9483,,,https://www.facebook.com/DeliriousBurger/,Mo-Su 11:30 - 22:00,Burgers,,TRUE,FALSE,TRUE,FALSE,FALSE,FALSE,FALSE,FALSE,FALSE,FALSE,,,,,,https://twitter.com/Deliriousburger,https://www.facebook.com/DeliriousBurger/,https://www.instagram.com/delirious_burger_co/?hl=en,,,
Delirious Burger Westdale,"1008 King St W, Hamilton",43.2624766,-79.9055078,Delirious Burger Co. is an independently owned pair of Burger Resturants in Hamilton.,905.393.1022,,,https://www.facebook.com/DeliriousBurger/,Mo-Su 11:30 - 22:00,Burgers,,TRUE,FALSE,TRUE,FALSE,FALSE,FALSE,FALSE,FALSE,FALSE,FALSE,,,,,,https://twitter.com/Deliriousburger,https://www.facebook.com/DeliriousBurger/,https://www.instagram.com/delirious_burger_co/?hl=en,,,
Democracy Coffee House,"202 Locke St S, Hamilton",43.2547205,-79.8860964,"Hamilton's top spot for vegan friendly eats, craft beer and open minds!",289.389.2466,,OrderDemocracy@gmail.com,http://democracyonlocke.com,We-Su 9:00-13:00,"Sweets, Coffee",,TRUE,FALSE,TRUE,FALSE,FALSE,FALSE,TRUE,TRUE,FALSE,FALSE,,,,,,,https://www.facebook.com/democracyonlocke/,https://www.instagram.com/democracyonlocke/,OrderDemocracy@gmail.com,,
Dessert Dutchess,"1956 Waterdown Rd, Hamilton",43.3287582,-79.8837103,Creating tasty treats for you. Direct message on Facebook or text your order.,905.462.4400,,s.levear@gmail.com,https://www.facebook.com/pg/dessertdutchess,Mo-Su 10:00-17:00,"Sweets, Bakery",,TRUE,TRUE,FALSE,FALSE,TRUE,FALSE,FALSE,FALSE,FALSE,FALSE,,,,,,,https://www.facebook.com/dessertdutchess/,https://www.instagram.com/dessertdutchess/?hl=en,s.levear@gmail.com,,
Domiziano Cafe,"3-40 Centennial Pkwy N, Hamilton",43.229174,-79.763146,High quality Italian gourmet cuisine and you can't forget our infamous BrickOven Pizza prepared hot and fresh and made exactly how you like it.,905.561.0555,,,https://www.domizianocafe.com,"Mo-Tu 15:00-21:00,We-Th 11:00-21:00,Fr-Sa 11:00-22:00","Italian,Pizza",,TRUE,TRUE,TRUE,FALSE,FALSE,FALSE,TRUE,FALSE,FALSE,TRUE,,,https://www.skipthedishes.com/domiziano-cafe-centennial,,https://www.ubereats.com/ca/hamilton/food-delivery/domiziano-cafe/SAMvFocHQpGvxuEAa13jrw,,https://www.facebook.com/domizianocafe/,https://www.instagram.com/domiziano_cafe/,,,
Donut Diner,"1249 Stonechurch Road E, Hamilton",43.1981642,-79.8343196,"Just starting to test the waters, limited menu and times right now, but hoping with enough support from patrons we can expand days/times!",905.383.8544,,donutdiner1249@hotmail.com,https://donut-diner.ca/,Fr 15:00-19:00,"Diner, Donuts, Fish & Chips, Breakfast, Soup",,TRUE,FALSE,TRUE,TRUE,FALSE,FALSE,FALSE,FALSE,FALSE,FALSE,,,,,,,https://www.facebook.com/donutdineronline/,,donutdiner1249@hotmail.com,,
Donut Monster,"246 Locke St S, Hamilton",43.2532419,-79.8867128,"Small-batch, from-scratch donuts in the Hammer.",289.309.1108,,donuts@donutmonster.ca,https://order.donutmonster.ca,Mo-Su 10:00-18:00,"Coffee, Donuts, Sweets",,TRUE,FALSE,TRUE,TRUE,FALSE,TRUE,FALSE,FALSE,FALSE,FALSE,,,https://www.skipthedishes.com/donut-monster,https://www.doordash.com/business/donut-monster-303769/menu/,https://www.ubereats.com/ca/hamilton/food-delivery/donut-monster/5q6nn17NTxmhz43s15wjbw,https://twitter.com/DonutMonster,https://www.facebook.com/DonutMonsterHamilton/,https://www.instagram.com/donutmonsterhamilton,donuts@donutmonster.ca,,
Durand Coffee,"142 Charlton Ave W, Hamilton",43.251559,-79.878922,A neighbourhood cafe serving quality coffee. Located at the corner of Charlton and Caroline.,905.393.9150,,hello@durandcoffee.ca,https://www.durandcoffee.ca,"Mo-Fr 7:00-15:00,Sa-Su 8:00-15:00",Coffee,,TRUE,TRUE,TRUE,FALSE,FALSE,FALSE,FALSE,FALSE,FALSE,FALSE,,,,,,,https://www.facebook.com/durandcoffee,https://www.instagram.com/durandcoffee/,hello@durandcoffee.ca,,
"Dyments Farm, Market & Bakery","416 Fallsview Rd E, Dundas",43.2822239,-79.9498291,"Market: Meats, fruits, vegetables, dairy, gourmet meals to go, pies, variety of delicious baked goods, and all sorts of specialty foods.",905.628.5270,"Preorder only, check the website.",,http://www.dyments.com/,We-Su 10:00-17:00,"Bakery, Produce",,TRUE,FALSE,FALSE,TRUE,TRUE,TRUE,FALSE,FALSE,FALSE,FALSE,,,,,,,https://www.facebook.com/dyments/,,,,
Electric Diner,"96 George St, Hamilton",43.2583621,-79.8780315,Classic diner food electrified.,905.526.9512,,,https://www.electricdinerhamilton.com,"Tu-Th 16:00-21:00,Fr-Sa 16:00-22:00,Su 16:00-21:00","Burgers, Diner",,TRUE,FALSE,TRUE,FALSE,FALSE,FALSE,FALSE,FALSE,FALSE,TRUE,,,,,https://www.ubereats.com/ca/hamilton/food-delivery/electric-diner/z-X3j1SCTwaR7j5PVP4WOg,,https://www.facebook.com/electricdinerhamont/,https://www.instagram.com/electricdinerhamont/,,,
Everest Hakka Delight,"1610 Barton St E, Hamilton",43.2459894,-79.7942571,"Restaurant offering Indo-Chinese food, including vegetarian options.",289.309.6465,,,http://everesthakka.ca,Mo-Sa 12:00-21:00,"Chinese, Indian",,TRUE,FALSE,TRUE,FALSE,FALSE,FALSE,TRUE,TRUE,FALSE,FALSE,,,,https://www.doordash.com/store/everest-hakka-delight-hamilton-567131/en-US,,,https://www.facebook.com/Everest-Hakka-Delight-333538444017334/,,hakkaeverest@gmail.com,,
Fiddes Wholesale Produce,"60 Ewen Rd, Hamilton",43.254523,-79.9318186, We offer a variety of fresh fruits and vegtable at wholesale prices.,905.570.7900,,fwp@hotmail.ca,https://www.facebook.com/Fiddes-Wholesale-Produce-FWP-263828676991956,Mo-Sa 10:00-15:00,Produce,,TRUE,FALSE,FALSE,TRUE,FALSE,TRUE,FALSE,FALSE,FALSE,FALSE,Curbside pickup available for preordered weekly box specials. ,,,,,,https://www.facebook.com/Fiddes-Wholesale-Produce-FWP-263828676991956/,,fwp@hotmail.ca,,
Firehouse Subs,"1784 Stone Church Rd E, Stoney Creek",43.1913887,-79.8116219,"Serving a variety of hot gourmet sub sandwiches. Made with premium meats and cheeses, steamed hot and piled high on a toasted sub roll.",905.578.3472,,,https://www.firehousesubs.ca/,Mo-Su 11:00-19:00,Subs,,FALSE,FALSE,TRUE,FALSE,FALSE,FALSE,FALSE,FALSE,FALSE,FALSE,,,https://www.skipthedishes.com/firehouse-subs-1784-stone-church-road-east?utm_source=google&utm_medium=organic&utm_campaign=gpa,,,https://twitter.com/firehousesubs,https://www.facebook.com/FirehouseSubsCa,instagram.com/firehousesubs/,,,
Forbidden City,"273 King St E, Hamilton",43.2542048,-79.861041,Serving delightful Chinese Cuisine in a new and inspired way. Our Chinese dishes are exclusively prepared by using farm fresh ingredients. ,905.528.5945,,,https://www.forbidden-city-chinese.com,"Mo-Th 11:00-22:00,Fr 11:00-22:30,Sa 12:00-22:30,Su 12:00-21:30",Chinese,,TRUE,FALSE,TRUE,FALSE,FALSE,FALSE,FALSE,FALSE,FALSE,FALSE,,,https://www.skipthedishes.com/forbidden-city-chinese,https://www.doordash.com/store/forbidden-city-chinese-restaurant-hamilton-212970/en-US,https://www.ubereats.com/ca/hamilton/food-delivery/forbidden-city-chinese-restaurant/lUv9icdXTbStRazhdtDR8w,,https://www.facebook.com/officialforbiddencityrestaurant/,,,,
Go Tango Ancaster,"1080 Wilson Street West, Ancaster",43.1990136,-80.0163311,"Best Middle Eastern cuisine, let your taste buds dance. Fresh everytime.",905.648.3888,,,http://gotango.ca/,Mo-Sa 10:00-18:00,"Shawarma, Lebanese",,TRUE,FALSE,TRUE,FALSE,FALSE,FALSE,FALSE,FALSE,FALSE,FALSE,,,https://www.skipthedishes.com/go-tango-shawarma,,,,,,emadfouani@gotango.ca,,
Go Tango Hamilton,"293 Wellington St N, Hamilton",43.2625084,-79.8557779,"Best Middle Eastern cuisine, let your taste buds dance. Fresh everytime.",905.574.9100,,,http://gotango.ca/,Mo-Fr 10:00-18:00,"Shawarma, Lebanese",,TRUE,FALSE,TRUE,FALSE,FALSE,FALSE,FALSE,FALSE,FALSE,FALSE,,,,,https://www.ubereats.com/ca/hamilton/food-delivery/gotango/WOdQ2bXzQXCHD22CZV2m1A,,,,emadfouani@gotango.ca,,
Grandad's Donuts,"574 James St N, Hamilton",43.2721007,-79.8621156,Your number one stop for a fresh fried treat!,289.700.0905,,,http://grandads.ca,Mo-Su 07:00-19:00,"Coffee, Donuts",,TRUE,FALSE,TRUE,FALSE,FALSE,FALSE,FALSE,FALSE,FALSE,FALSE,,,,,,,https://www.facebook.com/GrandadsDonuts,https://www.instagram.com/grandadsdonuts/?hl=en,,,
Greensville Gourmet,"161 Regional Rd 8, Hamilton",43.2730765,-80.0036515,"Greensville Gourmet is your butcher shop, lunch shop & catering provider in Dundas & Hamilton.",905.627.7775,,,https://www.greensvillegourmet.ca/,Mo-Fr 10:00-16:00,,,TRUE,TRUE,FALSE,TRUE,TRUE,TRUE,FALSE,FALSE,FALSE,FALSE,,Delivery only.,,,,,https://www.facebook.com/greensvillegourmet/,https://www.instagram.com/greensvillegourmet/,catering@greensvillegourmet.ca,,
HAMBRGR - King William,"49 King William St, Hamilton",43.2572222,-79.8669355,"Hamilton's burger joint, Ottawa Street edition. Local craft beer on tap, handmade burgers & over the top shakes.",289.389.1212,,info@hambrgr.com,https://www.hambrgr.ca/,Tu-Su 11:30-21:00,"Burgers, Milkshakes",,TRUE,FALSE,TRUE,FALSE,FALSE,FALSE,FALSE,FALSE,FALSE,TRUE,,,https://www.skipthedishes.com/hambrgr-king-william-street,,,,https://www.facebook.com/hambrgrhamilton/,https://www.instagram.com/hambrgrhamilton/?hl=en,info@hambrgr.com,,
HAMBRGR - Ottawa St,"207 Ottawa St N, Hamilton",43.2483636,-79.8176914,"Hamilton's burger joint, Ottawa Street edition. Local craft beer on tap, handmade burgers & over the top shakes.",905.312.1313,,info@hambrgr.com,https://www.hambrgr.ca/,"Mo-Th 11:00-22:00,Fr-Sa 11:00-23:59,Su 11:00-22:00","Burgers, Milkshakes",,TRUE,FALSE,FALSE,FALSE,FALSE,FALSE,FALSE,FALSE,FALSE,TRUE,,,https://www.skipthedishes.com/hambrgr-ottawa-street-north,,,,https://www.facebook.com/pg/hambrgrottawast,https://www.instagram.com/hambrgrhamilton/?hl=en,info@hambrgr.com,,
Hamilton Meat Pie Co.,"601 Burlington Street East Unit M, Hamilton",43.2672826,-79.8369398,Hamilton’s first and only artisan meat pie store.,905.769.8010,,,https://hamiltonmeatpieco.ca,Tu-Sa 13:00-15:00,"Meat Pie, Bakery, Sweets",Mother's Day,TRUE,TRUE,FALSE,TRUE,FALSE,TRUE,FALSE,FALSE,FALSE,FALSE,PRE-ORDER for next day on the on-line store for pick up or delivery.,,,,,,https://www.facebook.com/hamiltonmeatpies/,,,,
Hammerhead's On Ottawa,"80 Ottawa St N, Hamilton",43.2447444,-79.8185935,Take out and prepared foods made in a gluten free environment. We also offer a selection of fresh and frozen sustainable seafood.,905.923.9293,,,https://hammerheadsonottawa.com/,Tu-Th 12:00-19:00; Fr-Sa 12:00-20:00,"Fish & Chips, Seafood",,TRUE,FALSE,FALSE,FALSE,FALSE,TRUE,FALSE,FALSE,FALSE,FALSE,,,,,,,https://www.facebook.com/HammerheadsOnOttawa/,https://www.instagram.com/hammerheadsonottawa/,hammerheadsonottawa@gmail.com,,
Harry's Pub,"721 Beach Blvd, Hamilton",43.2828801,-79.7859589,Harry's Pub is a great little bar with music and sports entertainment. Oh and the food is great to. Come join the fun with really awesome people.,289.389.5355,,,https://www.harryspub.ca/menu,Mo-Su 13:00-20:00,"Pub, Pizza, Wings, Fish & Chips, Burgers",,TRUE,FALSE,TRUE,FALSE,FALSE,TRUE,FALSE,FALSE,FALSE,TRUE,,,,,,https://twitter.com/pub_harry,,https://www.instagram.com/harrys_pub/,,,
Hello Baked,"342 Barton St. E, Hamilton",43.2603175,-79.8510649,"Confectionary boutique specializing in hand-crafted sugar cookies and a curated selection of artisanal candy, tea and giftware.",,,,https://www.hellobaked.com/shop,Th 10:00-19:00,"Bakery, Sweets",,TRUE,TRUE,FALSE,FALSE,FALSE,FALSE,TRUE,FALSE,FALSE,FALSE,,Free delivery over $30. Order before Wednesday at noon for Thursday delivery. ,,,,,http://www.facebook.com/hellobaked,http://www.instagram.com/hellobaked,,,
Hong Kong Takeout,"1216 Upper Wentworth St, Hamilton",43.2103702,-79.8679545,"We provide delicious authentic Chinese food for local Hamilton residence, from single dish to party size with different kinds of fresh meat and vegetables.",905.388.1123,,,https://www.facebook.com/chinesefoodinhamilton,"Mo-Th 15:00-22:30,Fr-Sa 15:00-23:30,Su 15:00-22:00",Chinese,,TRUE,TRUE,TRUE,FALSE,FALSE,FALSE,FALSE,FALSE,FALSE,FALSE,,,,,,,https://www.facebook.com/chinesefoodinhamilton/,,,,
Hui Lau Shan,"35 King St E, Hamilton",43.2565872,-79.8679042,"The original Hong Kong Style Dessert. Now open in Hamilton, ON. We offer the best fresh fruit drinks and desserts + taro balls and bubble tapioca.",289.389.0597,,hlshamont@hotmail.com,https://www.hkhls.com/en/,Mo-Su 15:00-23:00,"Sweets, Bubble Tea",,FALSE,FALSE,TRUE,FALSE,FALSE,FALSE,FALSE,FALSE,FALSE,FALSE,,,https://www.skipthedishes.com/hui-lau-shan-king-street-east,https://www.doordash.com/store/hui-lau-shan-hamilton-652432/en-US,https://www.ubereats.com/ca/hamilton/food-delivery/hui-lau-shan/81j5lyVtT1qXHX0VBfdEVA,,https://www.facebook.com/huilaushanhamilton/,https://www.instagram.com/huilaushan_hamilton/,hlshamont@hotmail.com,,
Hungry Ninja,"368 Main St W, Hamilton",43.2590265,-79.8848336,We are traditional sushi flavours with a new take on sushi construction.,289.456.3032,,,https://www.hungryninja.ca/hamilton.html,"Mo-Fr 11:30-14:30 16:00-20:00,Sa-Su 11:30-20:00","Sushi, Ramen, Japanese",,FALSE,TRUE,TRUE,FALSE,FALSE,FALSE,FALSE,FALSE,FALSE,FALSE,,,,,https://www.ubereats.com/ca/hamilton/food-delivery/hungry-ninja/XFnDVH6LR6S-xEH8dXkOCg,,,,,,
Hutch's on the Beach,"280 Van Wagners Beach Road, Hamilton",43.2591878,-79.7655277,Hutch's on the Beach is home to Hamilton's most famous fish and chips.,905.545.5508,,,http://www.hutchs.ca/,Mo-Su 11:00-23:59,"Fish & Chips, Milkshakes",,TRUE,FALSE,TRUE,FALSE,FALSE,FALSE,FALSE,TRUE,FALSE,FALSE,,,,,,https://twitter.com/HutchsotBeach,https://www.facebook.com/HutchsotBeach,,,,
India Village - Ancaster,370 Wilson St E Ancaster,43.2274838,-79.9756145,Fine Dining Indian Restaurant serving Authentic Indian Fare.,905.304.1213,,,http://www.indiavillage.ca/,"Tu-Sa 11:30-14:30 16:30-22:00,Su 16:30-21:30",Indian,,TRUE,FALSE,TRUE,TRUE,FALSE,FALSE,TRUE,TRUE,FALSE,TRUE,,,https://www.skipthedishes.com/india-village-restaurant,https://www.doordash.com/store/india-village-restaurant-hamilton-212845/en-CA,,,http://www.facebook.com/IndiaVillageRestaurant,,indiancuisine1@gmail.com,,
India Village - Dundas,100 King St W Dundas,43.2664793,-79.9577661,Fine Dining Indian Restaurant serving Authentic Indian Fare.,905.628.1314,,,http://www.indiavillage.ca/,"Tu-Sa 11:30-22:00,Su 16:30-21:30",Indian,,TRUE,FALSE,TRUE,TRUE,FALSE,FALSE,TRUE,TRUE,FALSE,TRUE,,,https://www.skipthedishes.com/india-village-king-street-west?utm_source=google&utm_medium=organic&utm_campaign=gpa,https://www.doordash.com/store/india-village-restaurant-hamilton-212839,,,http://www.facebook.com/IndiaVillageRestaurant,,indiancuisine1@gmail.com,,
Kamoosh Bistro,"34 Main St N, Waterdown",43.3342377,-79.8937733,We are a fabulous restaurant that is linked with local farms and suppliers so we can provide farm to table gourmet meals.,289.895.7500,,,http://www.kamooshbistro.com/,"We,Th,Fri 12:00-16:00","Italian, Pasta",,TRUE,FALSE,TRUE,FALSE,FALSE,FALSE,FALSE,FALSE,FALSE,FALSE,Phones open at noon till 4 pm. Pick up 4-7:30.,,,,,https://twitter.com/Kamooshbistro,,https://www.instagram.com/kamooshbistro/,info@kamooshbistro.com,,
La Luna Express - Downtown South,"163 James St S, Hamilton",43.2519208,-79.8710813,Fresh & Authentic Lebanese cuisine.,905.523.9000,,info@lalunaexpress.com,http://www.lalunaexpress.com/,"Mo-Tu 11:00-22:00,We-Fr 11:00-22:00,Sa-Su 12:00-22:00","Lebanese, Mediterranean",,TRUE,TRUE,TRUE,FALSE,FALSE,FALSE,FALSE,TRUE,FALSE,FALSE,,,,,,https://twitter.com/LaLunaExpress,https://www.facebook.com/lalunaexpress/,https://www.instagram.com/lalunarestaurants/,info@lalunaexpress.com,,
La Luna Express - Upper James,"1051 Upper James St, Hamilton",43.2207825,-79.8843701,Fresh & Authentic Lebanese cuisine.,905.538.7565,,info@lalunaexpress.com,http://www.lalunaexpress.com/,"Mo-Fr 11:00-23:00,Sa 12:00-23:00,Su 12:00-22:00","Lebanese, Mediterranean",,TRUE,TRUE,TRUE,FALSE,FALSE,FALSE,FALSE,TRUE,FALSE,FALSE,,,,https://www.doordash.com/store/la-luna-on-the-mountain-restaurant-hamilton-212954/en-US,https://www.ubereats.com/ca/hamilton/food-delivery/la-luna-express-upper-james-st/5ta_0RtoRQOwgjEbC0fGhQ,https://twitter.com/LaLunaExpress,https://www.facebook.com/lalunaexpress/,https://www.instagram.com/lalunarestaurants/,info@lalunaexpress.com,,
La Luna Express Barton,"281 Barton St, Hamilton",43.2610964,-79.8530102,Fresh & Authentic Lebanese cuisine.,905.524.1111,,info@lalunaexpress.com,http://www.lalunaexpress.com/,"Mo-Fr 10:00-23:00,Sa 11:00-22:00,Su 12:00-22:00","Lebanese, Mediterranean",,TRUE,TRUE,TRUE,FALSE,FALSE,FALSE,FALSE,TRUE,FALSE,FALSE,,,,,,https://twitter.com/LaLunaExpress,https://www.facebook.com/lalunaexpress/,https://www.instagram.com/lalunarestaurants/,info@lalunaexpress.com,,
La Spaghett,"970 Upper James St, Hamilton",43.223777,-79.8843701,"Elevated Italian fare in a polished dining room with 30+ customizable, artisanal pasta sauces.",905.318.8211,,,http://www.laspaghett.com/dinner-menu.html,We-Su 16:00-21:00,"Pasta, Italian",,TRUE,FALSE,TRUE,FALSE,FALSE,FALSE,FALSE,FALSE,FALSE,TRUE,,,,,,,,,,,
Le Bella Pizza - Downtown,"455 Barton St E, Hamilton",43.2593823,-79.8461413,The authentic Italian food is here! Le Bella Pizza restaurant offers tasty Italian dishes and appetizers.,905.529.7627,,,https://www.lebellapizza.com/,"Su-Th 15:00-23:00,Fr-Sa 15:00-01:00","Italian, Pizza",,TRUE,TRUE,TRUE,FALSE,FALSE,FALSE,FALSE,FALSE,FALSE,FALSE,,,https://www.skipthedishes.com/le-bella-pizza-barton,,,,https://www.facebook.com/bellapizzahamilton/,https://www.instagram.com/bellapizzahamilton/?hl=en,,,
Le Bella Pizza - Mountain,"1120 Fennell Ave E, Hamilton",43.2251091,-79.8292803,The authentic Italian food is here! Le Bella Pizza restaurant offers tasty Italian dishes and appetizers.,905.383.6666,,,https://www.lebellapizza.com/,"Mo-Th 15:00-00:45,Fr-Sa 15:00-01:45,Su 15:00-22:45","Italian, Pizza",,TRUE,TRUE,TRUE,FALSE,FALSE,FALSE,FALSE,FALSE,FALSE,FALSE,,,https://www.skipthedishes.com/le-bella-pizza,,,,https://www.facebook.com/bellapizzahamilton/,https://www.instagram.com/bellapizzahamilton/?hl=en,,,
Lemon Grass Restaurant,"1300 Garth St, Hamilton",43.2205124,-79.9072897,Easygoing locale serving familiar Thai & Vietnamese dishes such as chicken curry & pho.,905.574.3932,,,http://www.lemongrassrestaurant.ca/,"We-Sa 12:00-20:00,Su 16:00-20:00","Thai, Vietnamese, Pho",,TRUE,FALSE,TRUE,FALSE,FALSE,FALSE,TRUE,TRUE,FALSE,FALSE,,,,https://www.doordash.com/store/lemon-grass-restaurant-hamilton-212993/,,,https://www.facebook.com/Lemon-Grass-Restaurant-298652693532841/,,,,
Little Asia,"36 King St East, Dundas",43.2657377,-79.9520256,"Delicious Thai cuisine. Try our mouth-watering dishes, carefully prepared with fresh ingredients!",289.238.8100,,nicky.chanthavong@live.com,https://www.littleasia.ca,"Mo-Tu,Th-Su 16:00-21:00",Thai,,TRUE,FALSE,TRUE,FALSE,FALSE,FALSE,TRUE,TRUE,FALSE,FALSE,,,,,,,https://www.facebook.com/pg/LittleAsiaDundas,,nicky.chanthavong@live.com,,
Little Saigon Restaurant,"66 Mall Rd, Hamilton",43.2213772,-79.861227,"Pared-down venue in a strip-mall setting dishing up familiar Thai, Japanese & Vietnamese staples.",905.389.9826,,littlesaigonhamilton@yahoo.ca,http://www.littlesaigon-hamilton.com/appetizers,Mo-Su 12:00-20:00,Vietnamese,,TRUE,FALSE,TRUE,FALSE,FALSE,FALSE,FALSE,TRUE,FALSE,FALSE,,,https://www.skipthedishes.com/little-saigon-vietnamese-restaurant,https://www.doordash.com/store/little-saigon-vietnamese-thai-restaurant-hamilton-213038/en-US,https://www.ubereats.com/ca/hamilton/food-delivery/little-saigon-vietnamese-%26-thai-restaurant/jqWOE5apSsazv9kiE3ayhg,,https://www.facebook.com/littlesaigonhamilton/,,littlesaigonhamilton@yahoo.ca,,
Loaded Pierogi,"275 James St N, Hamilton",43.2637764,-79.8663461,"Restaurant chain based in Toronto, serving endless combinations of either crispy or classic potato and onion pierogis.",905.522.8383,,info@loadedpierogi.com,https://www.loadedpierogi.com,Mo-Su 11:30-21:00,Pierogi,,FALSE,FALSE,TRUE,FALSE,FALSE,FALSE,FALSE,FALSE,FALSE,FALSE,,,https://www.skipthedishes.com/loaded-pierogi-james-street,https://www.doordash.com/store/loaded-pierogi-hamilton-373858/en-US,https://www.ubereats.com/ca/hamilton/food-delivery/loaded-pierogi-hamilton/tyGpOYR1TfWOSiDVa2yuaA,,https://www.facebook.com/loadedpierogi/,https://www.instagram.com/loadedpierogi/,info@loadedpierogi.com,,
Lotus Thai & Vietnamese Cuisine,"280 Mud St W, Stoney Creek",43.196526,-79.7940926,Experience the authentic taste of Thai & Vietnamese Cuisine We offer a wide range of dishes and platters to suit your taste buds.,905.561.1888,,,https://lotusrestaurant.ca/welcome,We-Sa 15:00-20:00,"Thai, Vietnamese, Pho",,TRUE,TRUE,TRUE,TRUE,FALSE,FALSE,FALSE,TRUE,FALSE,FALSE,No cash payment. Debit and eTransfer options available. Can process credit cards over the phone. Curbside trunk dropoff available on prepaid orders.,,,,,,https://www.facebook.com/lotusthainviet,https://www.instagram.com/lotus_cuisine,floradang@gmail.com,,
Lou Dawg’s Southern BBQ,"116 George St, Hamilton",43.2585369,-79.8788008,Bringing delicious food & the warmth of southern culture to the beautiful people of Hamilton & Hess Village.,289.389.3227,,hamilton@loudawgs.com,http://loudawgs.com,"Tu-Th 16:00-21:00,Fr-Sa 16:00-22:00","BBQ, Southern",,FALSE,FALSE,TRUE,FALSE,FALSE,FALSE,FALSE,FALSE,FALSE,TRUE,,,,,https://www.ubereats.com/ca/hamilton/food-delivery/lou-dawgs-southern-bbq/tUQZy3LYTLuU_ipZgS_yjg,https://twitter.com/loudawgshamont,https://www.facebook.com/loudawgshamont,https://www.instagram.com/loudawgshamont/,hamilton@loudawgs.com,,
Made Pho You,"130 Queenston Rd, Hamilton",43.235182,-79.7974316,,905.549.0393,,,https://madephoyou.com/,"Su-Th 10:30-21:30,Fr-Sa 10:30-22:00,Su 16:00-21:00","Vietnamese, Soup, Pho",,TRUE,TRUE,TRUE,FALSE,FALSE,FALSE,FALSE,FALSE,FALSE,FALSE,,,,,,,https://www.facebook.com/MadePhoYou/,,,,
Mahal Restaurant,"527 Upper Sherman Ave, Hamilton",43.2318293,-79.8470126,Snug Indian restaurant & takeaway serving chicken tikka & other standards in a no-frills setting.,905.777.0077,,,http://www.mahalhamilton.com/,"Mo-Sa 11:00-22:00,Su 12:00-21:00",Indian,,TRUE,FALSE,TRUE,FALSE,FALSE,FALSE,FALSE,TRUE,FALSE,FALSE,,,,,,,https://www.facebook.com/pages/Mahal-Restaurant/104367089614780,,,,
Maipai Tiki Bar,"631 Barton St E, Hamilton",43.2572643,-79.8381701,Tiki… Pizza… Awesome…,905.919.3184,,salar@maipai.ca,http://maipai.ca/,Th-Su 16:30-20:00,"Pizza, Cocktail Kits",,TRUE,FALSE,TRUE,TRUE,FALSE,FALSE,FALSE,TRUE,FALSE,FALSE,Prepaid online orders for takeout only. ,,,,,,https://www.facebook.com/maipaitiki/,https://www.instagram.com/maipaitiki,salar@maipai.ca,https://www.reddit.com/user/onigara/,
Mandarin,"1508 Upper James St, Hamilton",43.206675,-79.891611,"Feast on over 100 delicious dishes on our award-winning, all-you-can-eat Chinese buffet!",905.383.6000,,,https://mandarinrestaurant.com/hamilton/,Su-Th 11:30-20:30; Fr-Sa 11:30-21:00,Chinese,,FALSE,TRUE,TRUE,FALSE,FALSE,FALSE,FALSE,FALSE,FALSE,FALSE,,Delivery starts after 3pm.,,,https://www.ubereats.com/ca/hamilton/food-delivery/mandarin-hamilton/6Z1LWB0xQViXJ8UNP2_bkQ,,https://www.facebook.com/Mandarin-Restaurant-Hamilton-540461529339304/,,,,
Manorun Organic Farm,"782 Hamilton Regional Rd 52, Lynden",43.2335707,-80.0560694,A great place to find all your in-season organic vegetable needs.,905.648.9608,,farm@manorun.com,https://www.manorun.com,Mo-Su 8:00-19:00,Produce,,TRUE,TRUE,FALSE,FALSE,FALSE,TRUE,FALSE,TRUE,FALSE,FALSE,,,,,,https://twitter.com/chriskrucker,https://www.facebook.com/manorunorganicfarm/,https://www.instagram.com/manorunorganicfarm/,farm@manorun.com,,
Mark's Chinese Food & Tavern,"468 King St W, Hamilton",43.2608587,-79.8830176,Simple Chinese eatery with familiar dishes & a few Canadian options.,905.527.7621,,,https://www.facebook.com/MarksChineseFoodTavern/,"Su-We 15:30-23:00,Th 11:30-23:00,Fr 11:30-01:00,Sa 15:30-01:00","Chinese, Burgers",,FALSE,FALSE,FALSE,FALSE,FALSE,FALSE,FALSE,FALSE,FALSE,FALSE,,,,https://www.doordash.com/store/mark-s-chinese-food-tavern-hamilton-567198,,,https://www.facebook.com/MarksChineseFoodTavern/,,,,
Mattson & Co.,"225 Locke Street S, Hamilton",43.2540282,-79.8858136,An elegant restaurant in the heart of Hamilton's Locke Street area.,905.525.0225,,,https://mattsonandco.ca/takeout-delivery,"Mo-Tu 11:00-20:00,Th-Sa 11:00-20:00",,,TRUE,TRUE,TRUE,FALSE,FALSE,FALSE,TRUE,TRUE,FALSE,TRUE,,"Delivery right now is only available in the Kirkendall and Durand neighbourhoods (east of Longwood, south of Main, west of James, and north of the Mountain).",,,,https://twitter.com/MattsonAndCo,https://www.facebook.com/mattsonandcohamilton/,https://www.instagram.com/mattsonandco/,,,
Meltwich Food Co - Barton,"1324 Barton St E, Hamilton",43.2491075,-79.8063798,"Gourmet Grilled Cheese, burgers, poutines, soups, salads, milkshakes & so much more",289.389.0520,,info@meltwich.ca,http://www.meltwich.ca/menu,Su-Mo 11:00-22:00,"Grilled Cheese, Burgers, Milkshakes, Poutine",,FALSE,FALSE,TRUE,FALSE,FALSE,FALSE,TRUE,TRUE,FALSE,TRUE,,,https://www.skipthedishes.com/meltwich-food-barton-street-east,https://www.doordash.com/store/meltwich-food-co-hamilton-455839,,https://twitter.com/Meltwichfoodco,https://www.facebook.com/MeltwichfoodBarton,,info@meltwich.ca,,
Meltwich Food Co - Hess,"236 King St W, Hamilton",43.2588852,-79.8762991,"Gourmet Grilled Cheese, burgers, poutines, soups, salads, milkshakes & so much more",905.308.9228,,info@meltwich.ca,http://www.meltwich.ca/menu,"Mo-Th 11:00-23:59,Fr-Sa 11:00-04:00,Su 12:00-11:59","Grilled Cheese, Burgers, Milkshakes, Poutine",,FALSE,FALSE,TRUE,FALSE,FALSE,FALSE,TRUE,TRUE,FALSE,TRUE,,,https://www.skipthedishes.com/meltwich-food-co-king-street-west,https://www.doordash.com/store/meltwich-food-co-hamilton-455839/en-US,https://www.ubereats.com/ca/hamilton/food-delivery/meltwich-food-co-hamilton-hess-village/XyOLYD8LQkqpzhY6YCYpDg,,https://www.facebook.com/MeltwichHessVillage,,info@meltwich.ca,,
Memphis Fire Barbeque,"1091 King's Highway #8, Hamilton",43.209187,-79.666521,The Best Authentic Southern Barbeque and American Style Burger Joint in Canada,905.930.7675,,office@memphisfirebbq.com,https://www.memphisfirebbq.com,Mo-Su 11:30-21:00,"BBQ, Burgers, Chicken",,TRUE,FALSE,TRUE,TRUE,FALSE,FALSE,FALSE,FALSE,FALSE,FALSE,,,,,,https://twitter.com/mfbcinc?lang=en,https://www.facebook.com/MemphisFire/,,office@memphisfirebbq.com,,
Merk Snack Bar,"189 Ottawa Street N, Hamilton",43.2478536,-79.8177535,"Snacks, Beer, Wine and Cocktails. We don't serve bad things.",905.869.9159,,info@merksnackbar.com,https://merksnackbar.com,Mo-Su 16:00-22:00,,,TRUE,TRUE,TRUE,TRUE,TRUE,FALSE,FALSE,TRUE,FALSE,TRUE,,,,,https://www.ubereats.com/ca/hamilton/food-delivery/merk-snack-bar/RJv4kYUJQLSUtXdlqExirg,,https://www.facebook.com/merksnackbar/,https://www.instagram.com/merksnackbar/,info@merksnackbar.com,,
Mexican Kitchen,"35 York Blvd, Hamilton",43.2589258,-79.87032,Amazing gluten free food made from scratch with fresh ingredients using traditional mexican recipes.,289.808.2128,,hamiltonacm@gmail.com,https://www.facebook.com/marketmexicankitchen/,"Tu,Th,Fr,Sa 09:00-18:00","Mexican, Sweets",,TRUE,FALSE,TRUE,FALSE,FALSE,FALSE,TRUE,TRUE,FALSE,FALSE,,,,,https://www.ubereats.com/ca/hamilton/food-delivery/mexican-kitchen/ylJajdpxS8mJwZ4_2kyicQ?utm_campaign=order-action&utm_medium=organic,,https://www.facebook.com/marketmexicankitchen/,https://www.instagram.com/marketmexicankitchen/,hamiltonacm@gmail.com,,
Mezcal Tacos & Tequila,"150 James St. S, Hamilton",43.2522709,-79.871281,Not your typical “authentic” Mexican. We use ingredients that are not only from Mexico and Latin America but what is grown locally as well.,289.389.8328,,,https://www.mezcaltnt.com,Tu-Sa 16:00-21:00,Mexican,,TRUE,FALSE,TRUE,FALSE,FALSE,FALSE,FALSE,FALSE,FALSE,FALSE,,,https://www.skipthedishes.com/mezcal-tacos-and-tequila-james-st-s,https://www.doordash.com/store/mezcal-tacos-tequila-hamilton-887691/en-US,,https://twitter.com/mezcaltnt,https://www.facebook.com/mezcaltnt,https://instagram.com/mezcaltnt,,,
Mill Street and 5 The American House,"324 Dundas St E, Waterdown",43.3342282,-79.8917394,A restaurant that prides themselves in hand made delicious food at a reasonable price.,905.960.1058,,melanie@millstreetand5.ca,http://www.millstreetand5.ca,We-Su 16:00-20:00,Pub,,TRUE,FALSE,TRUE,TRUE,FALSE,FALSE,FALSE,FALSE,FALSE,TRUE,,,,,,https://twitter.com/millstreetand5,https://www.facebook.com/pg/MillStreetand5,,melanie@millstreetand5.ca,,
Mississippi Queen Foods,"635 King Street East, Hamilton",43.2523933,-79.8499704,"Authentic, Southern Food. Irregular hours. Takeout on April 16th, 17th, and 18th.",905.526.0909,,connie@mississippiqueenfoods.com,https://mississippiqueenfoods.com,Th-Sa 13:00-20:00,"Southern, Chicken",,TRUE,FALSE,TRUE,TRUE,FALSE,FALSE,FALSE,FALSE,FALSE,FALSE,,,,,,,,,connie@mississippiqueenfoods.com,,
Moodys,"107 George St, Hamilton",43.2574505,-79.8787625,It’s ok to eat pizza every day!,289.309.6449,,,https://www.moodyshamilton.ca/,"Su-Th 11:30-23:59,Fr-Sa 11:30-02:00","Pizza, Pasta, Sandwiches",,TRUE,FALSE,TRUE,FALSE,FALSE,FALSE,FALSE,FALSE,FALSE,FALSE,,,,,https://www.ubereats.com/ca/hamilton/food-delivery/moodys/Yrk_aQE5RtelRhczahKAcg,https://twitter.com/MoodysHamont,https://www.facebook.com/moodyshamont/,https://www.instagram.com/moodyshamont/,,,
Mr. Grande Pizza,"1157 Rymal Rd E, Hamilton",43.1904646,-79.8414243,Serving quality Italian style Pizza to the Hamilton Mountain and surrounding areas since 1995.,905.388.5757,,mrgrandepizza@hotmail.com,http://mrgrandepizza.com,Mo-Th 11:00-20:00; Fr-Sa 11:00-22:00; 12:00-20:00,"Pizza, Wings",,TRUE,FALSE,TRUE,FALSE,FALSE,FALSE,FALSE,FALSE,FALSE,FALSE,,,https://www.skipthedishes.com/mr-grande-pizza,,,,https://www.facebook.com/Mr-Grande-Pizza-219002958155429/,,mrgrandepizza@hotmail.com,,
My Buddy's Greek Bites,"441 Fennell Ave E, Hamilton",43.2330408,-79.8587718,"Hamilton's original greek restaurant serving fresh, healthy and authentic greek food.",905.389.8000,,mybuddysonfennell@gmail.com,https://www.facebook.com/mybuddysgreekbites,Mo-Sa 11:00-21:30,Greek,,TRUE,FALSE,TRUE,FALSE,FALSE,FALSE,FALSE,FALSE,FALSE,FALSE,,,,,,,https://www.facebook.com/mybuddysgreekbites,,mybuddysonfennell@gmail.com,,
My Thai Restaurants,"42 Wilson Street W, Hamilton",43.2166414,-79.9881484,High quality authentic Thai cuisine in a casual dining with a warm friendly service at an affordable price.,905.304.8424,,info@mythai.ca,https://www.mythai.ca/menu/take-out/,"Su-Th 11:00-19:30,Fr-Sa 11:00-20:30",Thai,,FALSE,FALSE,TRUE,FALSE,FALSE,FALSE,TRUE,TRUE,FALSE,TRUE,,,,,https://www.ubereats.com/ca/hamilton/food-delivery/my-thai-ancaster/B6vz9SAxTzGXOq6mz9-7Bg,,https://www.facebook.com/MyThaiRestaurants/,,info@mythai.ca,,
Mystic Ramen,"35 York Blvd, Hamilton",43.2589258,-79.87032,"Ramen in the Hamilton Farmer's Market. Sunday delivery only, requires pre-ordering.",905.920.1098,"Offering pickup curry rice bowl on fridays, starting april 24th",,https://www.mysticramen.ca/,Su 16:00-18:00,Ramen,,TRUE,TRUE,FALSE,FALSE,FALSE,FALSE,TRUE,TRUE,FALSE,FALSE,,,,,,,https://www.facebook.com/pg/mystic.ramen,https://instagram.com/mystic.ramen/,noah@mysticramen.ca,,
Nannaa Eatery,"1010 King St. W, Hamilton",43.2623616,-79.9054767,"Bringing your favourite #Persian dishes to the heart of #HamOnt with new, fresh flavours!",905.777.1010,,,https://www.nannaaeatery.com,"Mo-Th 11:30-21:00,Fr-Sa 11:30-22:00,Su 11:30-21:00",Persian,,TRUE,FALSE,TRUE,FALSE,FALSE,FALSE,FALSE,FALSE,FALSE,FALSE,,,https://www.skipthedishes.com/nannaa-persian-eatery,https://www.doordash.com/store/nannaa-persian-eatery-hamilton-441523/en-US,https://www.ubereats.com/ca/hamilton/food-delivery/nannaa-persian-eatery/fPb8gmW4TBeaSiyS63YVoQ,https://twitter.com/nannaaeatery,https://www.facebook.com/NannaaEateryHamilton/,https://www.instagram.com/nannaaeatery/,,,
Neighbour Shawarma,"969 Upper Ottawa St, Hamilton",43.2104093,-79.8352844,"Offering best shawarmas, falafel and different types of salads. We are very well known for our tasty shawarma poutine and daily baked Nan bread.",905.318.8228,,neighbourshawarma969@gmail.com,http://www.neighbourshawarma.com,"Su-Th 11:00-23:00, Fr-Sa 11:00-23:59","Shawarma, Subs",,TRUE,FALSE,TRUE,TRUE,FALSE,FALSE,FALSE,FALSE,FALSE,FALSE,,,,https://www.doordash.com/store/neighbour-shawarma-sub-hamilton-441526/738240/en-US,,,https://www.facebook.com/pg/NeighbourShawarma,,neighbourshawarma969@gmail.com,,
Nique Restaurant,"30 Vine St, Hamilton",43.2600189,-79.8680327,A nod to Canadian culture that is both approachable and adventurous.,905.529.8000,Grocery coming soon,harrison@niquerestaurant.ca,https://www.niquerestaurant.ca/covid-menu,Th-Sa 16:30-21:00,Chicken,,TRUE,FALSE,TRUE,FALSE,FALSE,FALSE,FALSE,FALSE,FALSE,FALSE,,,,,https://www.ubereats.com/ca/hamilton/food-delivery/nique-restaurant/1TBokVZwSBWIssuPrJt0GA,https://twitter.com/Nique_Hamilton,https://www.facebook.com/niquerestaurant/,https://www.instagram.com/nique_restaurant/,harrison@niquerestaurant.ca,,
One Duke Restaurant & Lounge,"1 Duke St, Hamilton",43.2516732,-79.871933,"Moderately priced food & beverages all served in a rustic cottage like setting, features brick & wood & panel art.",905.540.3853,,oneduke@bellnet.ca,https://www.oneduke.ca,Tu-Sa 12:00-20:00,"Pasta,Pizza,Seafood,Wings",,TRUE,FALSE,TRUE,TRUE,FALSE,FALSE,FALSE,FALSE,FALSE,FALSE,,,https://www.skipthedishes.com/one-duke-restaurant-and-lounge,https://www.doordash.com/store/one-duke-restaurant-lounge-hamilton-212913/en-US,,https://twitter.com/onedukeresto,https://www.facebook.com/onedukehamilton/,https://www.instagram.com/onedukerestaurant/,oneduke@bellnet.ca,,
Pane Del Sole,"175 John St N, Hamilton",43.2605434,-79.8649023,"Every single day we strive to provide food of the highest quality and ingredients. We will never be beat on taste, service or freshness.",905.529.0949,,,https://www.doordash.com/store/pane-del-sole-italian-bakery-hamilton-880624/en-CA,"Mo-Sa 07:00-18:00,Su 07:00-17:00","Bakery, Sweets, Italian",,TRUE,FALSE,FALSE,FALSE,TRUE,FALSE,FALSE,FALSE,FALSE,FALSE,,,,https://www.doordash.com/store/pane-del-sole-italian-bakery-hamilton-880624/en-CA/,,https://twitter.com/panedelsole?lang=en,https://www.facebook.com/PaneDelSoleBakery/,https://www.instagram.com/panedelsole/,,,
Pho Dui Bo - Downtown,"15 Cannon St E, Hamilton",43.2608647,-79.8668274,"Fabulous noodle, rice and stir fry dishes, plus tasty treats such as traditional beef noodle soup, mango salad, and special desserts.",905.525.0100,,info@phoduibo.com,http://www.phoduibo.com/,"Su-Th 10:00-22:00,Fr-Sa 10:00-23:00","Vietnamese, Pho",,TRUE,FALSE,TRUE,FALSE,FALSE,FALSE,FALSE,TRUE,FALSE,FALSE,,,,,,,,,info@phoduibo.com,,
Pho Dui Bo - Mountain,"830 Upper James St, Hamilton",43.2285462,-79.8824454,"Fabulous noodle, rice and stir fry dishes, plus tasty treats such as traditional beef noodle soup, mango salad, and special desserts.",905.388.6565,,info@phoduibo.com,http://www.phoduibo.com/,Su-Sa 10:00-22:00,"Vietnamese, Pho",,TRUE,FALSE,TRUE,FALSE,FALSE,FALSE,FALSE,TRUE,FALSE,FALSE,,,,,,,,,info@phoduibo.com,,
Pho Dui Bo - Stoney Creek,"800 Queenston Rd, Hamilton",43.2280278,-79.7663599,"Fabulous noodle, rice and stir fry dishes, plus tasty treats such as traditional beef noodle soup, mango salad, and special desserts.",905.662.7500,,info@phoduibo.com,http://www.phoduibo.com/,"Su-Th 10:00-22:00,Fr-Sa 10:00-23:00","Vietnamese, Pho",,TRUE,FALSE,TRUE,FALSE,FALSE,FALSE,FALSE,TRUE,FALSE,FALSE,,,,,,,,,info@phoduibo.com,,
Pita House,"2415 Barton St E, Hamilton",43.237878,-79.7625272,Fresh and Healthy Middle Eastern Cuisine. Shawarma Falafel Kabab Hummus Salads and Much More.,905.578.4223,,pitahouse.h@gmail.com,http://pitahouses.com/,Tu-Th 11:00-19:00,"Shawarma, Mediterranean, Kebab",,TRUE,TRUE,TRUE,FALSE,FALSE,FALSE,FALSE,FALSE,FALSE,FALSE,,,,,,,https://www.facebook.com/pitahousehamilton,,pitahouse.h@gmail.com,,
Planted In Hamilton,"225 John St S, Hamilton",43.2498945,-79.8681229,"Planted is a plant-based, gluten-free, and Kosher restaurant & bakery located in downtown Hamilton.",289.389.6676,,plantedinhamont@gmail.com,https://www.plantedin.ca/,"Tu-Th 16:00-20:00,Fr-Sa 12:00-20:00","Sandwiches,Smoothies, Salads",,TRUE,FALSE,TRUE,FALSE,FALSE,FALSE,TRUE,TRUE,FALSE,TRUE,,,,https://www.doordash.com/store/planted-in-hamilton-hamilton-441551/en-US,https://www.ubereats.com/ca/hamilton/food-delivery/planted-in-hamilton/i8cH6lxtQdSlpNLDMM17qw,https://twitter.com/plantedinhamont,https://www.facebook.com/PlantedinHamOnt/,https://www.instagram.com/plantedinhamont/,plantedinhamont@gmail.com,,
Poke Co,"193 Ottawa St N, Hamilton",43.2480509,-79.8176898,Fast fresh Poke Bowls.,289.389.6653,,contact@pokeco.ca,https://www.pokeco.ca,Tu-Sa 11:00-20:30,"Poke, Sushi",,TRUE,FALSE,TRUE,FALSE,FALSE,FALSE,TRUE,TRUE,FALSE,FALSE,,,,https://www.doordash.com/store/poke-co-hamilton-804192/en-US,https://www.ubereats.com/ca/hamilton/food-delivery/poke-co/Ye8i6lxvQWWuSZBYt62btg,https://twitter.com/pokecohamilton,https://www.facebook.com/pages/category/Fast-Food-Restaurant/Poke-Co-100976878064704/,https://www.instagram.com/pokecohamilton/,contact@pokeco.ca,,
Pub Fiction,"1242 Garner Rd W, Ancaster",43.1945811,-80.0221512,A brand new concept gastro bar and grill with a modern twist on classic foods.,905.304.9990,,info@pubfiction.ca,https://pubfiction.ca/store/,"We,Sa 15:00-18:00",Pub,,TRUE,FALSE,TRUE,TRUE,FALSE,FALSE,FALSE,FALSE,FALSE,TRUE,,,,,,,https://www.facebook.com/pubfictionancaster,,info@pubfiction.ca,,
Radius,"151 James Street S, Hamilton",43.2523512,-79.8708333,"A fixture of Hamilton’s social scene with specially crafted cuisine. The host of cocktail enthusiasts, wine lovers & trend setters alike.",905.393.1658,,dan@radius.ca,https://radius.ca/radius-to-go-menu,Tu-Sa 15:00-20:00,"Sandwiches,Burgers",,TRUE,FALSE,TRUE,TRUE,FALSE,FALSE,FALSE,FALSE,FALSE,FALSE,,,,,https://www.ubereats.com/ca/hamilton/food-delivery/radius/YHdAMfdFTgqQKesarIAplA,https://twitter.com/radiusdining,https://www.facebook.com/radiusdining/,https://www.instagram.com/radiusdining/,dan@radius.ca,,
Red Rockets Queenston Rd,"754 Queenston Rd, Hamilton",43.2281306,-79.7691631,The freshest and tastiest ribs and wings with healthy side dishes for a balanced meal.,905.578.4664,,info@redrockets.ca,https://redrockets.ca,"Su-Mo 12:00-20:00,Tu-Sa 12:00-22:00","Chicken, Wings, Ribs",,TRUE,TRUE,TRUE,FALSE,FALSE,FALSE,FALSE,FALSE,FALSE,FALSE,,,,,https://www.ubereats.com/ca/hamilton/food-delivery/red-rockets-hamilton/KcaN1DfYR5ugRxcYjItGJw,https://twitter.com/RedRocketsWings,https://www.facebook.com/redrocketswings,https://www.instagram.com/redrocketswingsandribs/,info@redrockets.ca,,
Red Rockets Upper Ottawa,"1405 Upper Ottawa, Hamilton",43.1979775,-79.840266,The freshest and tastiest ribs and wings with healthy side dishes for a balanced meal.,905.318.9555,,info@redrockets.ca,https://redrockets.ca,"Su 12:00-20:00,Tu-We 12:00-21:00,Th-Sa 12:00-22:00","Chicken, Wings, Ribs",,TRUE,TRUE,TRUE,FALSE,FALSE,FALSE,FALSE,FALSE,FALSE,FALSE,,,,,,https://twitter.com/RedRocketsWings,https://www.facebook.com/redrocketswings,https://www.instagram.com/redrocketswingsandribs/,info@redrockets.ca,,
Red Rockets Upper Paraside,"930 Upper Paradise Rd, Hamilton",43.2174841,-79.9197074,The freshest and tastiest ribs and wings with healthy side dishes for a balanced meal.,905.387.2442,,info@redrockets.ca,https://redrockets.ca,"Su-Mo 11:00-22:00,Tu-Th 11:00-23:00,Fr-Sa 11:00-23:59","Chicken, Wings, Ribs",,TRUE,TRUE,TRUE,FALSE,FALSE,FALSE,FALSE,FALSE,FALSE,FALSE,,,,,,https://twitter.com/RedRocketsWings,https://www.facebook.com/redrocketswings,https://www.instagram.com/redrocketswingsandribs/,info@redrockets.ca,,
Red Rockets Wellington St,"15 Wellington St N, Hamilton",43.2540717,-79.8592361,The freshest and tastiest ribs and wings with healthy side dishes for a balanced meal.,289.389.2222,,info@redrockets.ca,https://redrockets.ca,"Su 12:00-20:00,Tu-Sa 16:00-22:00","Chicken, Wings, Ribs",,TRUE,TRUE,TRUE,FALSE,FALSE,FALSE,FALSE,FALSE,FALSE,FALSE,,,,,,https://twitter.com/RedRocketsWings,https://www.facebook.com/redrocketswings,https://www.instagram.com/redrocketswingsandribs/,info@redrockets.ca,,
Relay Coffee Roasters,27 King William St,43.257491,-79.867775,Relay Coffee Roasters is a local roasterie of the finest roasted single-origin coffee available in the Green Belt of Ontario.,905.769.3213,"Delivery only, order online.",office@relaycoffee.com,https://www.relaycoffee.com/collections/all,,Coffee,,TRUE,TRUE,FALSE,FALSE,FALSE,TRUE,FALSE,FALSE,FALSE,FALSE,,,,,,https://twitter.com/RelayCoffee,https://www.facebook.com/pg/relaycoffee,https://www.instagram.com/relaycoffee/,office@relaycoffee.com,,
Rise Above Pizza & Wings,"274 James St N, Hamilton",43.2633506,-79.8659742,Hamilton's first and only 100% vegan pizzeria!,289.389.2642,,riseabovepizzeria@gmail.com,http://www.riseabovepizzeria.com,Th-Su 16:00-21:00,"Pizza, Wings",,TRUE,FALSE,TRUE,FALSE,FALSE,FALSE,TRUE,TRUE,FALSE,FALSE,,,,https://www.doordash.com/store/rise-above-pizza-wings-hamilton-707652/?utm_campaign=gpa,,,https://www.facebook.com/riseabovepizzeria,https://www.instagram.com/riseabovepizzeria/,riseabovepizzeria@gmail.com,,
Royal Pizza,"180 James St S, Hamilton",43.2512422,-79.8717143,"Italian style pizzeria with the best wings in town! Come in and try our subs, salads, fries, poutine, chicken shawarma, and panzerotti.",905.529.4242,,,http://www.royalpizzahamilton.com,"Mo-Th 11:00-23:00,Fr-Sa 12:00-01:00,Su 13:00-22:00","Pizza, Italian",,TRUE,TRUE,TRUE,FALSE,FALSE,FALSE,FALSE,FALSE,FALSE,FALSE,,,https://www.skipthedishes.com/royal-pizza-james-street-south,,,,,,,,
Rugantino,"178 Locke St S, Hamilton",43.2556619,-79.8855471,"A touch of Italy in Hamilton, Ontario.",905.524.0001,,,https://rugantino.ca/,"Tu-Th 16:00-20:00,Fr-Sa 16:00-23:59,Su 17:00-22:00","Italian,Pasta",,TRUE,FALSE,FALSE,FALSE,FALSE,FALSE,FALSE,FALSE,FALSE,FALSE,,,,,https://www.ubereats.com/ca/hamilton/food-delivery/rugantino/NzZSkPrEQVOOMqarNDr-Uw,,https://www.facebook.com/rugontinohamilton,https://www.instagram.com/rugantino_restaurant/,,,
Sagarmatha Curry Palace,"43 King William St, Hamilton",43.2572441,-79.867082,Authentic Indian & Nepalese Cuisine Hall Food.,905.522.6999,,sagarmathacurrypalace@gmail.com,https://currypalacerestaurant.com,"Mo-Fr 12:00-14:45 17:00-21:30,Sa-Su 17:00-21:30",Indian,,TRUE,FALSE,FALSE,FALSE,FALSE,FALSE,TRUE,TRUE,FALSE,FALSE,,,,https://www.doordash.com/store/sagarmatha-curry-palace-hamilton-212886/en-US,,https://twitter.com/SagarmathaR/,https://www.facebook.com/sagarmathacurrypalace/,https://www.instagram.com/sagarmatha_curry_palace/,sagarmathacurrypalace@gmail.com,,
Saint James Espresso Bar & Eatery,"170 James St N, Hamilton",43.2610179,-79.8669581,"Great food, great coffee and a great atmosphere with staff that have a sense of urgency and quality.",289.389.6565,,,http://www.saint-james.ca,,"Breakfast, Cafe",,TRUE,FALSE,TRUE,FALSE,FALSE,FALSE,FALSE,FALSE,FALSE,FALSE,,,,,https://www.ubereats.com/ca/hamilton/food-delivery/saint-james-espresso-bar-%26-eatery/SqXY1RgtQOWd2l2zTMrOwg,https://twitter.com/stjameseatery,https://www.facebook.com/stjameseatery/,https://www.instagram.com/stjameseatery/,,,
Saltlick Smokehouse,"282 James St N, Hamilton",43.2634849,-79.8659264,"Laid-back eatery with rustic decor serving slow-smoked beef & pork, plus Southern fried chicken.",289.389.6328,,,http://saltlick.ca,Mo-Su 11:00-21:00,"Southern,Chicken,BBQ",,TRUE,TRUE,TRUE,FALSE,FALSE,TRUE,FALSE,FALSE,FALSE,TRUE,,Delivery is free within 10km at a minimum of $50.,https://www.skipthedishes.com/salt-lick-smokehouse,https://www.doordash.com/store/saltlick-smokehouse-hamilton-610400/en-US,https://www.ubereats.com/ca/hamilton/food-delivery/saltlick/1gTHod1pSj-smefZ-8SkJQ,https://twitter.com/saltlicksmoke,https://www.facebook.com/saltlicksmokehouse,https://instagram.com/saltlicksmokehouse/,,,
Salty Espresso,"175 John Street S, Hamilton",43.251387,-79.8682451,Coffe shop currently operating as a grcoery store. Available every Mon / Wed / Fri. ,905.521.0222,,,https://www.saltygeneralstore.com/,"Mo,We,Fr 14:00-16:00",Produce,,TRUE,TRUE,FALSE,FALSE,FALSE,TRUE,FALSE,FALSE,FALSE,FALSE,Order and choose your date online.,"Minimum order of $30, $5 delivery fee.",,,,https://twitter.com/salty_espresso,https://www.facebook.com/saltyespressohamilton/,https://www.instagram.com/saltyespresso/,,,
Sana Grill,"163 King St E, Hamilton",43.2553216,-79.8641948,Serves tasty chicken and steak shawarma prepared with its unique family recipe.,905.527.0528,,,https://www.sanagrill.com/,Su-Th 11:00-23:00; Fr-Sa 11:00-03:00,"Shawarma, Pizza, Chicken",,TRUE,FALSE,TRUE,FALSE,FALSE,FALSE,FALSE,FALSE,FALSE,FALSE,,,https://www.skipthedishes.com/sana-grill,https://www.doordash.com/store/sana-grill-hamilton-212910/en-US,https://www.ubereats.com/ca/hamilton/food-delivery/sana-grill/NMgPUvH9SnSxCpM6eGPaRg?promo=69270a16-6ea0-48c4-98c1-ef763336a84c,,,,,,
Sapporo Japanese Restaurant,"96 Main S E, Hamilton",43.2540779,-79.8662172,Hamilton’s oldest all-you-can-eat Sushi and Japanese Food Restaurant.,905.527.1668,,sapporocuisinehamilton@gmail.com,http://sapporo-hamilton.com,"Su 12:00-21:45,Mo-Sa 11:00-9:45","Sushi, Japanese, Thai",,TRUE,TRUE,TRUE,FALSE,FALSE,FALSE,FALSE,FALSE,FALSE,FALSE,,,https://www.skipthedishes.com/sapporo-restaurant-main-street-east?utm_source=google&utm_medium=organic&utm_campaign=gpa,https://www.doordash.com/store/sapporo-japanese-restaurant-hamilton-212917/en-US,https://www.ubereats.com/ca/hamilton/food-delivery/sapporo-japanese-restaurant/zXAkcyAmTp2JY46Do01jzQ?promo=596b33ba-dd30-482c-ab64-a1f44ead76b2,https://twitter.com/SapporoHamilton,https://www.facebook.com/sapporohamilton,https://www.instagram.com/sapporohamilton/,sapporocuisinehamilton@gmail.com,,
Shoeless Joes,"1183 Upper James St, Hamilton",43.2162037,-79.8865143,Sports-themed restaurant chain.  20% off takeout. ,905.383.5637,,marketing@sjhamilton.ca,https://www.shoelessjoes.ca/,Mo-Su 12:00-20:00,"Wings, Burgers, Sandwiches",,FALSE,FALSE,TRUE,FALSE,FALSE,FALSE,FALSE,FALSE,FALSE,FALSE,,,https://www.skipthedishes.com/shoeless-joes-upper-james,,,,https://www.facebook.com/ShoelessJoesHamilton/,,marketing@sjhamilton.ca,https://www.reddit.com/user/shoelessjoeshamilton/,
Shorty's Pizza,"1099 Cannon St E, Hamilton",43.2485364,-79.8216233,Casual dine-in New York style pizzeria in Crown Point West.,905.312.9293,,info@shortyspizza.ca,https://www.shortyspizza.ca,"Su-Th 15:00-21:00,Fr-Sa 15:00-22:00",Pizza,,TRUE,FALSE,TRUE,FALSE,FALSE,FALSE,FALSE,TRUE,FALSE,TRUE,,,https://www.skipthedishes.com/shortys-pizza,,https://www.ubereats.com/ca/hamilton/food-delivery/shortys-pizza/ghu9g9_qRquuENvaaAXhmQ,,https://www.facebook.com/Shortys-Pizza-648442025537408/,https://www.instagram.com/shortyspizza/,info@shortyspizza.ca,,
Shy's Place,"11 Coreslab Drive, Dundas",43.3060149,-79.9255476,,905.690.7497,Only taking taking orders and payment over the phone.,eatatshys@gmail.com,http://shysplace.ca,Fr-Su 15:30-20:00,"Pasta, Pizza",,TRUE,FALSE,TRUE,FALSE,FALSE,FALSE,FALSE,FALSE,FALSE,TRUE,,,,,,,https://www.facebook.com/shysplace,https://www.instagram.com/shysplace,eatatshys@gmail.com,,
South Garden Restaurant,"1300 Garth St, Hamilton",43.2205124,-79.9072897,"Small, pared-down joint offering ample take-out Chinese standards such as fried rice & chow mein.",905.574.2911,,,http://www.southgardenrestaurant.ca,Mo-Su 11:00-23:00,Chinese,,TRUE,FALSE,TRUE,FALSE,FALSE,FALSE,FALSE,FALSE,FALSE,FALSE,,,,https://www.doordash.com/store/south-garden-restaurant-hamilton-212951/en-US,,,https://www.facebook.com/pages/South-Garden-Restaurant/137584046253409,,,,
Southcote 53 Tap and Grill,"534 Garner Road E, Ancaster",43.2052128,-79.9583085,"Contemporary dining, with a Unique flare. Part of Hamilton's own, Unique Restaurant Group.",289.239.8888,,,http://southcote53.ca,We-Su 16:00-20:00,,,TRUE,FALSE,TRUE,TRUE,FALSE,FALSE,FALSE,FALSE,FALSE,FALSE,,,https://www.skipthedishes.com/southcote-53-tap-and-grill,,https://www.ubereats.com/ca/hamilton/food-delivery/southcote-53-tap-%26-grill/blUxudgbS_ubteFX8xbcEA,https://twitter.com/southcote_53,https://www.facebook.com/southcote53,https://www.instagram.com/southcote_53/,,,
Stacked - Waterdown,"16 Clappison Ave D25, Waterdown",43.3178455,-79.9112044,"Home cooked breakfast and lunch dishes combined with specialty pancakes, waffles, and French toast.",905.689.2200,,,https://www.stackedpancakehouse.ca/location.php?id=18,Mo-Su 8:00-20:00,"Breakfast, Pancakes",,FALSE,FALSE,TRUE,TRUE,FALSE,FALSE,FALSE,FALSE,FALSE,FALSE,,,,https://www.doordash.com/store/stacked-pancake-breakfast-house-hamilton-900095/en-CA,https://www.ubereats.com/ca/hamilton/food-delivery/stacked-pancake-%26-breakfast-house-waterdown/PZ8858Y3Sl-6OxEqCNBUHQ,,https://www.facebook.com/stackedwaterdown,,,,
Stonewalls,"339 York Blvd, Hamilton",43.2630241,-79.8784646,Award-Winning Food and Best Live Music Venue 8 Years in a Row.,905.577.0808,"Their ads say they're on skip, check again when they're open.",management@stonewallshamilton.com,https://www.stonewallshamilton.com/,Tu-Su 12:00-20:00,"Burgers, Fish & Chips, Pub",,TRUE,TRUE,TRUE,FALSE,FALSE,FALSE,FALSE,FALSE,FALSE,TRUE,,,,https://www.doordash.com/store/stonewalls-hamilton-441575/en-CA/,https://www.ubereats.com/ca/hamilton/food-delivery/stonewalls-restaurant/kc1R3TNzReC_PCEskW4eRw,https://twitter.com/stonewallsevent?lang=en,https://www.facebook.com/StonewallsEvents/,,management@stonewallshamilton.com,,
Sushi On Fennell,"669 Fennell Ave E, Hamilton",43.230618,-79.8494722,Sushi restaurant known for great quality sushi.,905.389.9669,"Check on this early may, see if hours have changed.",info@sushionfennell.com,https://www.sushionfennell.com/,"Th,Fr,Sa 15:00-23:00",Sushi,,TRUE,FALSE,TRUE,FALSE,FALSE,TRUE,FALSE,TRUE,FALSE,FALSE,,,,,,,,https://www.instagram.com/sushionfennell,,info@sushionfennell.com,
Sweet Paradise Bakery - Stonechurch,"630 Stonechurch Rd W, Hamilton",43.2184515,-79.9168255,"Authentic Italian bakery offering cakes, catering, and traditional Italian baked goods.",905.389.3487,,Info@sweetparadise.ca,http://sweetparadise.ca/promotions/promo-1/,Mo-Su 07:00-19:00,"Bakery, Italian, Sweets",,TRUE,TRUE,TRUE,TRUE,FALSE,TRUE,FALSE,TRUE,FALSE,FALSE,Dinner orders will be taken til 2 pm on the day of.,Free delivery within 10km.,,,,https://twitter.com/sweetparadiseca,https://www.facebook.com/sweetparadisebakerydeli/,https://www.instagram.com/sweetparadisebakery/,Info@sweetparadise.ca,,
Sweet Paradise Bakery - Waterdown,"419 Dundas St E, Waterdown",43.3409895,-79.8844139,"Authentic Italian bakery offering cakes, catering, and traditional Italian baked goods.",905.689.8007,,Info@sweetparadise.ca,http://sweetparadise.ca/promotions/promo-1/,Mo-Su 08:00-18:00,"Bakery, Italian, Sweets",,TRUE,FALSE,TRUE,TRUE,FALSE,TRUE,FALSE,TRUE,FALSE,FALSE,Dinner orders will be taken til 2 pm on the day of.,,,,,https://twitter.com/sweetparadiseca,https://www.facebook.com/sweetparadisebakerydeli/,https://www.instagram.com/sweetparadisebakery/,Info@sweetparadise.ca,,
Sweet Tooth Bakery,"301 Main St W, Hamilton",43.2581273,-79.8821761,Gourmet Asian fusion desserts.,905.923.0636,,mounakassar@hotmail.com,https://www.doordash.com/store/my-sweet-tooth-leesburg-763688,Tu-Fr 14:00-17:00,"Sweets, Breakfast, Bakery",,TRUE,FALSE,TRUE,FALSE,FALSE,FALSE,FALSE,FALSE,FALSE,FALSE,,,,https://www.doordash.com/store/my-sweet-tooth-leesburg-763688,https://www.ubereats.com/ca/hamilton/food-delivery/mysweetooth-%E7%94%9C%E7%89%99%E7%83%98%E7%84%99/8QLV5-5USPaBaDQ9rrSVqw,https://www.ubereats.com/ca/hamilton/food-delivery/mysweetooth-%E7%94%9C%E7%89%99%E7%83%98%E7%84%99/8QLV5-5USPaBaDQ9rrSVqw,https://www.facebook.com/pages/category/Restaurant/Sweet-Tooth-Bakery-803934483075932/,https://www.instagram.com/mysweetooth_hamilton/?hl=en,mounakassar@hotmail.com,,
Tall Tree Sandwich Company,"1000 King St E, Hamilton",43.2502391,-79.8333466,"Delicious soups, salads, and sandwiches in a beautifully restored building on King Street East.",289.246.9233,,info@talltreesandwich.com,https://www.talltreesandwichco.com,We-Sa 11:00-18:00,Sandwiches,,TRUE,FALSE,TRUE,TRUE,FALSE,FALSE,FALSE,TRUE,FALSE,FALSE,,,https://www.skipthedishes.com/tall-tree-sandwich-co-east,,https://www.ubereats.com/ca/hamilton/food-delivery/tall-tree-sandwich-co/fXKkP_bPStmOLDNr6JlYEQ,,https://www.facebook.com/talltreesandwichco/,https://www.instagram.com/talltreesandwichco/,info@talltreesandwich.com,,
The Bistro at Copetown Woods,"1430 Concession 2 West, Hamilton",43.2603259,-80.0728645,"Pickup dinner for your immediate family, your parents, your elderly neighbour. We make it simple and easy to show your love in this difficult time to those that are in need. All meals will be pre-cooked and served chilled with reheating instructions. ",905.627.4653,,info@copetownwoods.com,https://copetownwoods.com/dine/,,,,TRUE,FALSE,FALSE,TRUE,FALSE,FALSE,FALSE,FALSE,FALSE,FALSE,,,,,,,https://www.facebook.com/CopetownWoods,https://www.instagram.com/copetownwoods/,,info@copetownwoods.com,
The Capitol Bar,"973 King St E, Hamilton",43.2514355,-79.8354551,,289.389.1001,,info@thecapitolbar.com,https://www.facebook.com/The-Capitol-Bar-1852435925074899,Mo-Su 16:00-02:00,Pub,,TRUE,FALSE,TRUE,FALSE,FALSE,FALSE,FALSE,FALSE,FALSE,TRUE,,,,,,,https://www.facebook.com/The-Capitol-Bar-1852435925074899,https://www.instagram.com/thecapitolbar/,info@thecapitolbar.com,,
The Dessert Room,"1048 King St W, Hamilton",43.2616154,-79.9068844,"Custom wedding and specialty cake design, sweet tables and other sweet treats.",905.524.2323,,hello@thedessertroom.ca,http://www.thedessertroom.ca/barre-de-chocolat/,"Tu-Fr 11:00-18:00, Sa 9:30-17:00","Sweets, Bakery",,TRUE,TRUE,FALSE,TRUE,FALSE,TRUE,FALSE,FALSE,FALSE,FALSE, Send us an email with your name and phone number and we will reach out to confirm your order with you! ⠀⠀,,,,,https://twitter.com/the_dessertroom?lang=en,https://www.facebook.com/thedessertroomhamilton/,https://www.instagram.com/thedessertroom/,hello@thedessertroom.ca,,
The Diner Bistro,"310 Main St W, Grimsby",43.1943855,-79.5883074,"The Diner Bistro is Grimsby’s dynamic newest restaurant that serves homemade breakfast, savoury lunch and amazing dinner offerings.",289.235.8474,,thedinerbistro@gmail.com,https://www.facebook.com/TheDinerBistro/,We-Sa 7:00-19:00; Su 7:00-14:00,"Fish & Chips, Burgers, Breakfast",,TRUE,FALSE,TRUE,FALSE,FALSE,FALSE,FALSE,FALSE,FALSE,FALSE,,,,,,,https://www.facebook.com/TheDinerBistro,,thedinerbistro@gmail.com,,
The Dirty South,"10 Barton Street E, Hamilton",43.2638234,-79.8654054,"The Southern comfort food you love, now built with bricks & mortar. Serving up the taste of the South, gourmet style",289.389.7990,,kara@dirtysouthtruck.com,https://thesocialeventgroup.com/thedirtysouth,"Tu-We 16:00-20:00, Th-Su 12:00-20:00",Southern,,TRUE,TRUE,TRUE,TRUE,FALSE,FALSE,TRUE,TRUE,FALSE,TRUE,,,,,https://www.ubereats.com/ca/hamilton/food-delivery/the-dirty-south/wmcR9UGNRlKiFNLX6hZblg,https://twitter.com/dirtysouthtruck,https://www.facebook.com/dirtysouthtruck/,https://www.instagram.com/dirtysouthtruck/?hl=en,kara@dirtysouthtruck.com,,
The George Hamilton,"152 King Street W, Hamilton",43.2582052,-79.8739149,"Fresh Food, Fresh Ideas. Catering. House-made food & signature sauces.",905.381.9820,,,http://www.thegeorgehamilton.com,Mo-Su 12:00-23:00,Pub,,TRUE,FALSE,TRUE,FALSE,FALSE,FALSE,FALSE,FALSE,FALSE,FALSE,,,https://www.skipthedishes.com/the-george-hamilton-restaurant-and-bar-hamilton,https://www.doordash.com/store/the-george-hamilton-hamilton-212850/en-US,https://www.ubereats.com/ca/hamilton/food-delivery/the-george-hamilton/wXsOtp_6SZ6OtFPSNyL8_g?promo=7dec5bf0-f65f-4784-9b93-80e7b537244d,https://twitter.com/georgehamilton?lang=en,https://www.facebook.com/pg/thegeorgebrews,https://www.instagram.com/thegeorgehamilton/,,,
The Greek Kitchen,"1170 Rymal Road E, Hamilton",43.1891722,-79.8407193,Authentic food at affordable prices. Come to The Greek Kitchen and taste it for yourself.,905.526.4868,,thegreekkitchen11@gmail.com,https://www.facebook.com/thegreekkitchen1170,Mo-Su 12:00-20:00,Greek,,TRUE,FALSE,TRUE,FALSE,FALSE,FALSE,FALSE,FALSE,FALSE,FALSE,,,,,,,,,thegreekkitchen11@gmail.com,,
The Hearty Hooligan,"292 Ottawa St N, Hamilton",43.2502265,-79.8163562,Hamilton's all vegan restaurant/bakery.,905.807.0577,,,http://www.theheartyhooligan.com,Su 12:00-16:00; Mo-Tu 11:30-19:30; Th 11:30-19:30; Fr-Sa 11:30-20:30,"Bakery, Sweets",,TRUE,FALSE,TRUE,FALSE,FALSE,FALSE,TRUE,TRUE,FALSE,TRUE,,,https://www.skipthedishes.com/the-hearty-hooligan-ottawa,,https://www.ubereats.com/ca/hamilton/food-delivery/the-hearty-hooligan/Q9Uc3zkCTJSqHwwQB7uj_w,,https://www.facebook.com/theheartyhooligan,https://www.instagram.com/theheartyhooligan/,,,
The Juice Kitchen,"560 Concession Street, Hamilton",43.2409074,-79.8521928,Locally sourced juicing business using fresh organics and Non GMO ingredients to create the most delicious and healthy juices and smoothies.,905.385.2123,,,http://www.thejuicekitchen.ca,,"Smoothies, Juice Bar, Salads ",,TRUE,FALSE,TRUE,FALSE,FALSE,FALSE,TRUE,TRUE,FALSE,FALSE,,,https://www.skipthedishes.com/the-juice-kitchen,https://www.doordash.com/store/the-juice-kitchen-hamilton-642696/en-US,https://www.ubereats.com/ca/hamilton/food-delivery/the-juice-kitchen/Yb7PPDziRyuNdSQWH9_29w?d=2020-04-03&et=945&ps=1&st=915,https://twitter.com/juicekitchenham,https://www.facebook.com/thejuicekitchenHam/,https://www.instagram.com/thejuicekitchenham/,,,
The Little Grasshopper Cafe,"37 Barton St E, Hamilton",43.2638148,-79.8641207,"At The Little Grasshopper we’re a family oriented restaurant, specializing in Canadian and Portuguese cuisine.",905.393.7641,,,http://thelittlegrasshopper.com,We-Su 11:00-19:00,"Portuguese, Burgers, Sandwiches",,TRUE,FALSE,TRUE,FALSE,FALSE,FALSE,FALSE,FALSE,FALSE,TRUE,,,https://www.skipthedishes.com/the-little-grasshopper,https://www.doordash.com/store/the-little-grasshopper-cafe-hamilton-286507/en-US,,,https://www.facebook.com/TheLittleGrasshopperHamilton,,,,
The Mule,"41 King William St, Hamilton",43.257304,-79.867129,"Tacos are a dish best served fun, with a side of liquor.",289.389.2555,,info@themule.ca,https://www.themule.ca,Mo-Su 16:00-21:00,Mexican,,TRUE,FALSE,TRUE,FALSE,FALSE,FALSE,TRUE,TRUE,TRUE,TRUE,,,,,https://www.ubereats.com/ca/hamilton/food-delivery/the-mule/JDVD32qCQaiVNsfomJAQiQ,https://twitter.com/themuletacos,https://www.facebook.com/themuletacos,https://instagram.com/themulemakestacos/,info@themule.ca,,
The Parm House,"272 Kenilworth Ave N, Hamilton",43.2485418,-79.8061729,Authentic Italian Cuisine. Take-out Restaurant and Catering.,289.237.7580,,,http://www.theparmhouse.com/,Mo-Fr 11:00-19:00,"Italian, Pasta",,TRUE,FALSE,TRUE,FALSE,FALSE,FALSE,FALSE,TRUE,FALSE,FALSE,,,https://www.skipthedishes.com/the-parm-house-kenilworth-avenue-north,https://www.doordash.com/store/the-parm-house-hamilton-784835/en-CA,https://www.ubereats.com/ca/hamilton/food-delivery/the-parm-house/lm3237nQQI2EXBUF3s187w,https://twitter.com/theparmhouse?lang=en,https://www.facebook.com/TheParmHouse/,https://www.instagram.com/theparmhouse/,,amor@theparmhouse.com,
The Pheasant Plucker,"20 Augusta St, Hamilton",43.2518483,-79.8702929,"It's what a pub should be, with great food, an excellent selection of spirits and fresh cold draught.",905.529.9000,,,http://www.pheasantplucker.ca,We-Su 16:00-20:00,Pub,,TRUE,FALSE,TRUE,TRUE,FALSE,FALSE,FALSE,FALSE,FALSE,FALSE,,,https://www.skipthedishes.com/the-pheasant-plucker,,https://www.ubereats.com/ca/hamilton/food-delivery/the-pheasant-plucker/vWimvY-dTpuqcPA_2dNU5A,https://twitter.com/pheasco1,https://www.facebook.com/pg/phesplucker,https://www.instagram.com/pheasant_plucker1/,,,
The Powerhouse,"21 Jones St, Stoney Creek",43.2169933,-79.7539632,"Welcome to the Powerhouse. Where great food, good friends and a little bit of history come together.",905.930.7381,,info@thepowerhouse.ca,http://www.thepowerhouse.ca,We-Su 16:00-20:00,Pub,,TRUE,FALSE,TRUE,TRUE,FALSE,FALSE,FALSE,FALSE,FALSE,FALSE,,,https://www.skipthedishes.com/the-powerhouse,,https://www.ubereats.com/ca/hamilton/food-delivery/the-powerhouse/fJ9m2GzuRzmGHjaNUuVbzw,https://twitter.com/Powerhouse_Pub,https://www.facebook.com/pg/thepowerhouserestaurant,https://www.instagram.com/powerhouse_restaurant/,info@thepowerhouse.ca,,
The Ship,"23 Augusta Street, Hamilton",43.2521516,-79.8699993,"Chill tavern featuring unique burgers & seafood, with a variety of bourbon, whisky & craft beers.",905.526.0792,,,http://www.theship.ca,Mo-Su 11:30-02:00,"Burgers, Seafood",,TRUE,FALSE,TRUE,FALSE,FALSE,FALSE,FALSE,FALSE,FALSE,FALSE,,,,,https://www.skipthedishes.com/the-powerhouse,https://twitter.com/ShipTwits,https://www.facebook.com/ShipTwits,https://www.instagram.com/shiptwits/,,,
Thirsty Cactus Cantina & Grill,"2 King St E, Dundas",43.2659271,-79.9535226,Enjoy our take on the Southwest in the heart of Dundas.,905.627.8488,,info@thirstycactus.ca,http://www.thirstycactus.ca,Mo-Su 12:00-20:00,Southern,,TRUE,TRUE,TRUE,TRUE,FALSE,FALSE,FALSE,TRUE,FALSE,TRUE,,,,,,https://twitter.com/thirstyc,https://www.facebook.com/Thirsty-Cactus-Cantina-Grill-132895423405283/,https://www.instagram.com/thirstycactusdundas/,info@thirstycactus.ca,,
TomaLa Rymal,"1812 Rymal Rd E, Hannon",43.1823558,-79.8194878,The Portuguese Pit Stop. A small fast paced BBQ style restaurant.,905.692.8662,,tomala.tpps@gmail.com,http://www.tomala.ca,"Su-Th 10:00-23:00,Fr-Sa 10:00-22:00","Portuguese, BBQ",,TRUE,FALSE,TRUE,FALSE,FALSE,FALSE,FALSE,FALSE,FALSE,FALSE,,,,,,https://twitter.com/tomala_hamilton,https://www.facebook.com/pg/TomaLaThePortuguesePitStop,https://www.instagram.com/tomala.tpps/,tomala.tpps@gmail.com,,
TomaLa Upper James,"1550 Upper James St,  Hamilton",43.2036167,-79.8955239,The Portuguese Pit Stop. A small fast paced BBQ style restaurant.,905.527.8662,,tomala.tpps@gmail.com,http://www.tomala.ca,"Mo-Th 10:00-23:00,Fr-Sa 10:00-22:00,Su 10:00-19:00","Portuguese, BBQ",,TRUE,FALSE,TRUE,FALSE,FALSE,FALSE,FALSE,FALSE,FALSE,FALSE,,,,https://www.doordash.com/store/toma-la-hamilton-277417/?utm_campaign=gpa,,https://twitter.com/tomala_hamilton,https://www.facebook.com/pg/TomaLaThePortuguesePitStop,https://www.instagram.com/tomala.tpps/,tomala.tpps@gmail.com,,
Turtle Jack's Upper Centennial,"43 Upper Centennial Pkwy, Hamilton",43.1784544,-79.7743575,"Turtle Jack's is a cottage inspired restaurant for family & friends to enjoy an innovative & bold menu, signature flavours and farm to table freshness.",905.662.3120,,,https://turtlejacks.com/locations/upper-centennial/,Mo-We 17:00-20:00; Th-Sa 16:00-20:30; Su 16:00-20:00,,,FALSE,TRUE,TRUE,FALSE,FALSE,FALSE,FALSE,FALSE,FALSE,TRUE,20% discount on takeout orders.,,https://www.skipthedishes.com/turtle-jacks-upper-centennial,https://www.doordash.com/store/turtle-jack-s-muskoka-grill-hamilton-212972/en-US,,,https://www.facebook.com/TurtleJacksUpperCentennial/,https://www.instagram.com/turtlejacksgrill/,,,
Union Jack Fish & Chips,"168 Barton St, Stoney Creek",43.2319285,-79.7395055,Union Jack Fish & Chips has served good quality food at best prices since 2008.,905.662.2400,,iloveunionjack@hotmail.com,http://www.iloveunionjack.com,,"Seafood, Fish & Chips",,TRUE,FALSE,TRUE,FALSE,FALSE,FALSE,FALSE,FALSE,FALSE,FALSE,,,,https://www.doordash.com/store/union-jack-fish-chips-hamilton-853124/1223473/en-US,https://www.ubereats.com/hamilton/food-delivery/union-jack-fish-%2526-chips-ltd-barton-%2526-grays/LeoySw74SbKbOKs6_dmVsg,,https://www.facebook.com/unionjackfishandchipsltd/,,iloveunionjack@hotmail.com,,
Vimex Corner,"1384 Main Street E, Hamilton",43.2403765,-79.8107787,,289.389.5454,,vimexcorner@gmail.com,https://www.facebook.com/pg/Vimex-Corner-153704554967450,"Tu-Fr 11:30-22:00,Sa-Su 12:00-22:00",Mexican,,TRUE,FALSE,TRUE,FALSE,FALSE,FALSE,FALSE,FALSE,FALSE,FALSE,,,,,,,,,vimexcorner@gmail.com,,1